arm,coverage,mechanism,metric,value,numerator,denominator,n_conditions
A_STATUS_ONLY,1.00,NONE,false_assurance_rate,0.923077,24,26,26
A_STATUS_ONLY,1.00,NONE,unsafe_escape_rate,1.000000,22,22,26
A_STATUS_ONLY,1.00,NONE,verified_precision,0.076923,2,26,26
A_STATUS_ONLY,1.00,NONE,verified_recall,1.000000,2,2,26
A_STATUS_ONLY,1.00,NONE,abstention_rate,0.000000,0,26,26
A_STATUS_ONLY,1.00,NONE,harm_detection_recall,0.000000,0,4,26
A_STATUS_ONLY,1.00,NONE,partial_remediation_recall,0.000000,0,6,26
A_STATUS_ONLY,1.00,NONE,accuracy,0.076923,2,26,26
A_STATUS_ONLY,1.00,NONE,evidence_requests_per_case,0.000000,0,26,26
A_STATUS_ONLY,0.90,CONTRADICTORY_EVIDENCE,false_assurance_rate,0.923077,24,26,26
A_STATUS_ONLY,0.90,CONTRADICTORY_EVIDENCE,unsafe_escape_rate,1.000000,22,22,26
A_STATUS_ONLY,0.90,CONTRADICTORY_EVIDENCE,verified_precision,0.076923,2,26,26
A_STATUS_ONLY,0.90,CONTRADICTORY_EVIDENCE,verified_recall,1.000000,2,2,26
A_STATUS_ONLY,0.90,CONTRADICTORY_EVIDENCE,abstention_rate,0.000000,0,26,26
A_STATUS_ONLY,0.90,CONTRADICTORY_EVIDENCE,harm_detection_recall,0.000000,0,4,26
A_STATUS_ONLY,0.90,CONTRADICTORY_EVIDENCE,partial_remediation_recall,0.000000,0,6,26
A_STATUS_ONLY,0.90,CONTRADICTORY_EVIDENCE,accuracy,0.076923,2,26,26
A_STATUS_ONLY,0.90,CONTRADICTORY_EVIDENCE,evidence_requests_per_case,0.000000,0,26,26
A_STATUS_ONLY,0.90,DECISIVE_FIELD_MISSING,false_assurance_rate,0.923077,24,26,26
A_STATUS_ONLY,0.90,DECISIVE_FIELD_MISSING,unsafe_escape_rate,1.000000,22,22,26
A_STATUS_ONLY,0.90,DECISIVE_FIELD_MISSING,verified_precision,0.076923,2,26,26
A_STATUS_ONLY,0.90,DECISIVE_FIELD_MISSING,verified_recall,1.000000,2,2,26
A_STATUS_ONLY,0.90,DECISIVE_FIELD_MISSING,abstention_rate,0.000000,0,26,26
A_STATUS_ONLY,0.90,DECISIVE_FIELD_MISSING,harm_detection_recall,0.000000,0,4,26
A_STATUS_ONLY,0.90,DECISIVE_FIELD_MISSING,partial_remediation_recall,0.000000,0,6,26
A_STATUS_ONLY,0.90,DECISIVE_FIELD_MISSING,accuracy,0.076923,2,26,26
A_STATUS_ONLY,0.90,DECISIVE_FIELD_MISSING,evidence_requests_per_case,0.000000,0,26,26
A_STATUS_ONLY,0.90,RANDOM_MISSING,false_assurance_rate,0.923077,24,26,26
A_STATUS_ONLY,0.90,RANDOM_MISSING,unsafe_escape_rate,1.000000,22,22,26
A_STATUS_ONLY,0.90,RANDOM_MISSING,verified_precision,0.076923,2,26,26
A_STATUS_ONLY,0.90,RANDOM_MISSING,verified_recall,1.000000,2,2,26
A_STATUS_ONLY,0.90,RANDOM_MISSING,abstention_rate,0.000000,0,26,26
A_STATUS_ONLY,0.90,RANDOM_MISSING,harm_detection_recall,0.000000,0,4,26
A_STATUS_ONLY,0.90,RANDOM_MISSING,partial_remediation_recall,0.000000,0,6,26
A_STATUS_ONLY,0.90,RANDOM_MISSING,accuracy,0.076923,2,26,26
A_STATUS_ONLY,0.90,RANDOM_MISSING,evidence_requests_per_case,0.000000,0,26,26
A_STATUS_ONLY,0.90,REGRESSION_EVIDENCE_MISSING,false_assurance_rate,0.923077,24,26,26
A_STATUS_ONLY,0.90,REGRESSION_EVIDENCE_MISSING,unsafe_escape_rate,1.000000,22,22,26
A_STATUS_ONLY,0.90,REGRESSION_EVIDENCE_MISSING,verified_precision,0.076923,2,26,26
A_STATUS_ONLY,0.90,REGRESSION_EVIDENCE_MISSING,verified_recall,1.000000,2,2,26
A_STATUS_ONLY,0.90,REGRESSION_EVIDENCE_MISSING,abstention_rate,0.000000,0,26,26
A_STATUS_ONLY,0.90,REGRESSION_EVIDENCE_MISSING,harm_detection_recall,0.000000,0,4,26
A_STATUS_ONLY,0.90,REGRESSION_EVIDENCE_MISSING,partial_remediation_recall,0.000000,0,6,26
A_STATUS_ONLY,0.90,REGRESSION_EVIDENCE_MISSING,accuracy,0.076923,2,26,26
A_STATUS_ONLY,0.90,REGRESSION_EVIDENCE_MISSING,evidence_requests_per_case,0.000000,0,26,26
A_STATUS_ONLY,0.90,SCOPE_MISMATCH,false_assurance_rate,0.923077,24,26,26
A_STATUS_ONLY,0.90,SCOPE_MISMATCH,unsafe_escape_rate,1.000000,22,22,26
A_STATUS_ONLY,0.90,SCOPE_MISMATCH,verified_precision,0.076923,2,26,26
A_STATUS_ONLY,0.90,SCOPE_MISMATCH,verified_recall,1.000000,2,2,26
A_STATUS_ONLY,0.90,SCOPE_MISMATCH,abstention_rate,0.000000,0,26,26
A_STATUS_ONLY,0.90,SCOPE_MISMATCH,harm_detection_recall,0.000000,0,4,26
A_STATUS_ONLY,0.90,SCOPE_MISMATCH,partial_remediation_recall,0.000000,0,6,26
A_STATUS_ONLY,0.90,SCOPE_MISMATCH,accuracy,0.076923,2,26,26
A_STATUS_ONLY,0.90,SCOPE_MISMATCH,evidence_requests_per_case,0.000000,0,26,26
A_STATUS_ONLY,0.90,STALE_EVIDENCE,false_assurance_rate,0.923077,24,26,26
A_STATUS_ONLY,0.90,STALE_EVIDENCE,unsafe_escape_rate,1.000000,22,22,26
A_STATUS_ONLY,0.90,STALE_EVIDENCE,verified_precision,0.076923,2,26,26
A_STATUS_ONLY,0.90,STALE_EVIDENCE,verified_recall,1.000000,2,2,26
A_STATUS_ONLY,0.90,STALE_EVIDENCE,abstention_rate,0.000000,0,26,26
A_STATUS_ONLY,0.90,STALE_EVIDENCE,harm_detection_recall,0.000000,0,4,26
A_STATUS_ONLY,0.90,STALE_EVIDENCE,partial_remediation_recall,0.000000,0,6,26
A_STATUS_ONLY,0.90,STALE_EVIDENCE,accuracy,0.076923,2,26,26
A_STATUS_ONLY,0.90,STALE_EVIDENCE,evidence_requests_per_case,0.000000,0,26,26
A_STATUS_ONLY,0.90,UNDECLARED_GAP,false_assurance_rate,0.923077,24,26,26
A_STATUS_ONLY,0.90,UNDECLARED_GAP,unsafe_escape_rate,1.000000,22,22,26
A_STATUS_ONLY,0.90,UNDECLARED_GAP,verified_precision,0.076923,2,26,26
A_STATUS_ONLY,0.90,UNDECLARED_GAP,verified_recall,1.000000,2,2,26
A_STATUS_ONLY,0.90,UNDECLARED_GAP,abstention_rate,0.000000,0,26,26
A_STATUS_ONLY,0.90,UNDECLARED_GAP,harm_detection_recall,0.000000,0,4,26
A_STATUS_ONLY,0.90,UNDECLARED_GAP,partial_remediation_recall,0.000000,0,6,26
A_STATUS_ONLY,0.90,UNDECLARED_GAP,accuracy,0.076923,2,26,26
A_STATUS_ONLY,0.90,UNDECLARED_GAP,evidence_requests_per_case,0.000000,0,26,26
A_STATUS_ONLY,0.80,CONTRADICTORY_EVIDENCE,false_assurance_rate,0.923077,24,26,26
A_STATUS_ONLY,0.80,CONTRADICTORY_EVIDENCE,unsafe_escape_rate,1.000000,22,22,26
A_STATUS_ONLY,0.80,CONTRADICTORY_EVIDENCE,verified_precision,0.076923,2,26,26
A_STATUS_ONLY,0.80,CONTRADICTORY_EVIDENCE,verified_recall,1.000000,2,2,26
A_STATUS_ONLY,0.80,CONTRADICTORY_EVIDENCE,abstention_rate,0.000000,0,26,26
A_STATUS_ONLY,0.80,CONTRADICTORY_EVIDENCE,harm_detection_recall,0.000000,0,4,26
A_STATUS_ONLY,0.80,CONTRADICTORY_EVIDENCE,partial_remediation_recall,0.000000,0,6,26
A_STATUS_ONLY,0.80,CONTRADICTORY_EVIDENCE,accuracy,0.076923,2,26,26
A_STATUS_ONLY,0.80,CONTRADICTORY_EVIDENCE,evidence_requests_per_case,0.000000,0,26,26
A_STATUS_ONLY,0.80,DECISIVE_FIELD_MISSING,false_assurance_rate,0.923077,24,26,26
A_STATUS_ONLY,0.80,DECISIVE_FIELD_MISSING,unsafe_escape_rate,1.000000,22,22,26
A_STATUS_ONLY,0.80,DECISIVE_FIELD_MISSING,verified_precision,0.076923,2,26,26
A_STATUS_ONLY,0.80,DECISIVE_FIELD_MISSING,verified_recall,1.000000,2,2,26
A_STATUS_ONLY,0.80,DECISIVE_FIELD_MISSING,abstention_rate,0.000000,0,26,26
A_STATUS_ONLY,0.80,DECISIVE_FIELD_MISSING,harm_detection_recall,0.000000,0,4,26
A_STATUS_ONLY,0.80,DECISIVE_FIELD_MISSING,partial_remediation_recall,0.000000,0,6,26
A_STATUS_ONLY,0.80,DECISIVE_FIELD_MISSING,accuracy,0.076923,2,26,26
A_STATUS_ONLY,0.80,DECISIVE_FIELD_MISSING,evidence_requests_per_case,0.000000,0,26,26
A_STATUS_ONLY,0.80,RANDOM_MISSING,false_assurance_rate,0.923077,24,26,26
A_STATUS_ONLY,0.80,RANDOM_MISSING,unsafe_escape_rate,1.000000,22,22,26
A_STATUS_ONLY,0.80,RANDOM_MISSING,verified_precision,0.076923,2,26,26
A_STATUS_ONLY,0.80,RANDOM_MISSING,verified_recall,1.000000,2,2,26
A_STATUS_ONLY,0.80,RANDOM_MISSING,abstention_rate,0.000000,0,26,26
A_STATUS_ONLY,0.80,RANDOM_MISSING,harm_detection_recall,0.000000,0,4,26
A_STATUS_ONLY,0.80,RANDOM_MISSING,partial_remediation_recall,0.000000,0,6,26
A_STATUS_ONLY,0.80,RANDOM_MISSING,accuracy,0.076923,2,26,26
A_STATUS_ONLY,0.80,RANDOM_MISSING,evidence_requests_per_case,0.000000,0,26,26
A_STATUS_ONLY,0.80,REGRESSION_EVIDENCE_MISSING,false_assurance_rate,0.923077,24,26,26
A_STATUS_ONLY,0.80,REGRESSION_EVIDENCE_MISSING,unsafe_escape_rate,1.000000,22,22,26
A_STATUS_ONLY,0.80,REGRESSION_EVIDENCE_MISSING,verified_precision,0.076923,2,26,26
A_STATUS_ONLY,0.80,REGRESSION_EVIDENCE_MISSING,verified_recall,1.000000,2,2,26
A_STATUS_ONLY,0.80,REGRESSION_EVIDENCE_MISSING,abstention_rate,0.000000,0,26,26
A_STATUS_ONLY,0.80,REGRESSION_EVIDENCE_MISSING,harm_detection_recall,0.000000,0,4,26
A_STATUS_ONLY,0.80,REGRESSION_EVIDENCE_MISSING,partial_remediation_recall,0.000000,0,6,26
A_STATUS_ONLY,0.80,REGRESSION_EVIDENCE_MISSING,accuracy,0.076923,2,26,26
A_STATUS_ONLY,0.80,REGRESSION_EVIDENCE_MISSING,evidence_requests_per_case,0.000000,0,26,26
A_STATUS_ONLY,0.80,SCOPE_MISMATCH,false_assurance_rate,0.923077,24,26,26
A_STATUS_ONLY,0.80,SCOPE_MISMATCH,unsafe_escape_rate,1.000000,22,22,26
A_STATUS_ONLY,0.80,SCOPE_MISMATCH,verified_precision,0.076923,2,26,26
A_STATUS_ONLY,0.80,SCOPE_MISMATCH,verified_recall,1.000000,2,2,26
A_STATUS_ONLY,0.80,SCOPE_MISMATCH,abstention_rate,0.000000,0,26,26
A_STATUS_ONLY,0.80,SCOPE_MISMATCH,harm_detection_recall,0.000000,0,4,26
A_STATUS_ONLY,0.80,SCOPE_MISMATCH,partial_remediation_recall,0.000000,0,6,26
A_STATUS_ONLY,0.80,SCOPE_MISMATCH,accuracy,0.076923,2,26,26
A_STATUS_ONLY,0.80,SCOPE_MISMATCH,evidence_requests_per_case,0.000000,0,26,26
A_STATUS_ONLY,0.80,STALE_EVIDENCE,false_assurance_rate,0.923077,24,26,26
A_STATUS_ONLY,0.80,STALE_EVIDENCE,unsafe_escape_rate,1.000000,22,22,26
A_STATUS_ONLY,0.80,STALE_EVIDENCE,verified_precision,0.076923,2,26,26
A_STATUS_ONLY,0.80,STALE_EVIDENCE,verified_recall,1.000000,2,2,26
A_STATUS_ONLY,0.80,STALE_EVIDENCE,abstention_rate,0.000000,0,26,26
A_STATUS_ONLY,0.80,STALE_EVIDENCE,harm_detection_recall,0.000000,0,4,26
A_STATUS_ONLY,0.80,STALE_EVIDENCE,partial_remediation_recall,0.000000,0,6,26
A_STATUS_ONLY,0.80,STALE_EVIDENCE,accuracy,0.076923,2,26,26
A_STATUS_ONLY,0.80,STALE_EVIDENCE,evidence_requests_per_case,0.000000,0,26,26
A_STATUS_ONLY,0.80,UNDECLARED_GAP,false_assurance_rate,0.923077,24,26,26
A_STATUS_ONLY,0.80,UNDECLARED_GAP,unsafe_escape_rate,1.000000,22,22,26
A_STATUS_ONLY,0.80,UNDECLARED_GAP,verified_precision,0.076923,2,26,26
A_STATUS_ONLY,0.80,UNDECLARED_GAP,verified_recall,1.000000,2,2,26
A_STATUS_ONLY,0.80,UNDECLARED_GAP,abstention_rate,0.000000,0,26,26
A_STATUS_ONLY,0.80,UNDECLARED_GAP,harm_detection_recall,0.000000,0,4,26
A_STATUS_ONLY,0.80,UNDECLARED_GAP,partial_remediation_recall,0.000000,0,6,26
A_STATUS_ONLY,0.80,UNDECLARED_GAP,accuracy,0.076923,2,26,26
A_STATUS_ONLY,0.80,UNDECLARED_GAP,evidence_requests_per_case,0.000000,0,26,26
A_STATUS_ONLY,0.60,CONTRADICTORY_EVIDENCE,false_assurance_rate,0.923077,24,26,26
A_STATUS_ONLY,0.60,CONTRADICTORY_EVIDENCE,unsafe_escape_rate,1.000000,22,22,26
A_STATUS_ONLY,0.60,CONTRADICTORY_EVIDENCE,verified_precision,0.076923,2,26,26
A_STATUS_ONLY,0.60,CONTRADICTORY_EVIDENCE,verified_recall,1.000000,2,2,26
A_STATUS_ONLY,0.60,CONTRADICTORY_EVIDENCE,abstention_rate,0.000000,0,26,26
A_STATUS_ONLY,0.60,CONTRADICTORY_EVIDENCE,harm_detection_recall,0.000000,0,4,26
A_STATUS_ONLY,0.60,CONTRADICTORY_EVIDENCE,partial_remediation_recall,0.000000,0,6,26
A_STATUS_ONLY,0.60,CONTRADICTORY_EVIDENCE,accuracy,0.076923,2,26,26
A_STATUS_ONLY,0.60,CONTRADICTORY_EVIDENCE,evidence_requests_per_case,0.000000,0,26,26
A_STATUS_ONLY,0.60,DECISIVE_FIELD_MISSING,false_assurance_rate,0.923077,24,26,26
A_STATUS_ONLY,0.60,DECISIVE_FIELD_MISSING,unsafe_escape_rate,1.000000,22,22,26
A_STATUS_ONLY,0.60,DECISIVE_FIELD_MISSING,verified_precision,0.076923,2,26,26
A_STATUS_ONLY,0.60,DECISIVE_FIELD_MISSING,verified_recall,1.000000,2,2,26
A_STATUS_ONLY,0.60,DECISIVE_FIELD_MISSING,abstention_rate,0.000000,0,26,26
A_STATUS_ONLY,0.60,DECISIVE_FIELD_MISSING,harm_detection_recall,0.000000,0,4,26
A_STATUS_ONLY,0.60,DECISIVE_FIELD_MISSING,partial_remediation_recall,0.000000,0,6,26
A_STATUS_ONLY,0.60,DECISIVE_FIELD_MISSING,accuracy,0.076923,2,26,26
A_STATUS_ONLY,0.60,DECISIVE_FIELD_MISSING,evidence_requests_per_case,0.000000,0,26,26
A_STATUS_ONLY,0.60,RANDOM_MISSING,false_assurance_rate,0.923077,24,26,26
A_STATUS_ONLY,0.60,RANDOM_MISSING,unsafe_escape_rate,1.000000,22,22,26
A_STATUS_ONLY,0.60,RANDOM_MISSING,verified_precision,0.076923,2,26,26
A_STATUS_ONLY,0.60,RANDOM_MISSING,verified_recall,1.000000,2,2,26
A_STATUS_ONLY,0.60,RANDOM_MISSING,abstention_rate,0.000000,0,26,26
A_STATUS_ONLY,0.60,RANDOM_MISSING,harm_detection_recall,0.000000,0,4,26
A_STATUS_ONLY,0.60,RANDOM_MISSING,partial_remediation_recall,0.000000,0,6,26
A_STATUS_ONLY,0.60,RANDOM_MISSING,accuracy,0.076923,2,26,26
A_STATUS_ONLY,0.60,RANDOM_MISSING,evidence_requests_per_case,0.000000,0,26,26
A_STATUS_ONLY,0.60,REGRESSION_EVIDENCE_MISSING,false_assurance_rate,0.923077,24,26,26
A_STATUS_ONLY,0.60,REGRESSION_EVIDENCE_MISSING,unsafe_escape_rate,1.000000,22,22,26
A_STATUS_ONLY,0.60,REGRESSION_EVIDENCE_MISSING,verified_precision,0.076923,2,26,26
A_STATUS_ONLY,0.60,REGRESSION_EVIDENCE_MISSING,verified_recall,1.000000,2,2,26
A_STATUS_ONLY,0.60,REGRESSION_EVIDENCE_MISSING,abstention_rate,0.000000,0,26,26
A_STATUS_ONLY,0.60,REGRESSION_EVIDENCE_MISSING,harm_detection_recall,0.000000,0,4,26
A_STATUS_ONLY,0.60,REGRESSION_EVIDENCE_MISSING,partial_remediation_recall,0.000000,0,6,26
A_STATUS_ONLY,0.60,REGRESSION_EVIDENCE_MISSING,accuracy,0.076923,2,26,26
A_STATUS_ONLY,0.60,REGRESSION_EVIDENCE_MISSING,evidence_requests_per_case,0.000000,0,26,26
A_STATUS_ONLY,0.60,SCOPE_MISMATCH,false_assurance_rate,0.923077,24,26,26
A_STATUS_ONLY,0.60,SCOPE_MISMATCH,unsafe_escape_rate,1.000000,22,22,26
A_STATUS_ONLY,0.60,SCOPE_MISMATCH,verified_precision,0.076923,2,26,26
A_STATUS_ONLY,0.60,SCOPE_MISMATCH,verified_recall,1.000000,2,2,26
A_STATUS_ONLY,0.60,SCOPE_MISMATCH,abstention_rate,0.000000,0,26,26
A_STATUS_ONLY,0.60,SCOPE_MISMATCH,harm_detection_recall,0.000000,0,4,26
A_STATUS_ONLY,0.60,SCOPE_MISMATCH,partial_remediation_recall,0.000000,0,6,26
A_STATUS_ONLY,0.60,SCOPE_MISMATCH,accuracy,0.076923,2,26,26
A_STATUS_ONLY,0.60,SCOPE_MISMATCH,evidence_requests_per_case,0.000000,0,26,26
A_STATUS_ONLY,0.60,STALE_EVIDENCE,false_assurance_rate,0.923077,24,26,26
A_STATUS_ONLY,0.60,STALE_EVIDENCE,unsafe_escape_rate,1.000000,22,22,26
A_STATUS_ONLY,0.60,STALE_EVIDENCE,verified_precision,0.076923,2,26,26
A_STATUS_ONLY,0.60,STALE_EVIDENCE,verified_recall,1.000000,2,2,26
A_STATUS_ONLY,0.60,STALE_EVIDENCE,abstention_rate,0.000000,0,26,26
A_STATUS_ONLY,0.60,STALE_EVIDENCE,harm_detection_recall,0.000000,0,4,26
A_STATUS_ONLY,0.60,STALE_EVIDENCE,partial_remediation_recall,0.000000,0,6,26
A_STATUS_ONLY,0.60,STALE_EVIDENCE,accuracy,0.076923,2,26,26
A_STATUS_ONLY,0.60,STALE_EVIDENCE,evidence_requests_per_case,0.000000,0,26,26
A_STATUS_ONLY,0.60,UNDECLARED_GAP,false_assurance_rate,0.923077,24,26,26
A_STATUS_ONLY,0.60,UNDECLARED_GAP,unsafe_escape_rate,1.000000,22,22,26
A_STATUS_ONLY,0.60,UNDECLARED_GAP,verified_precision,0.076923,2,26,26
A_STATUS_ONLY,0.60,UNDECLARED_GAP,verified_recall,1.000000,2,2,26
A_STATUS_ONLY,0.60,UNDECLARED_GAP,abstention_rate,0.000000,0,26,26
A_STATUS_ONLY,0.60,UNDECLARED_GAP,harm_detection_recall,0.000000,0,4,26
A_STATUS_ONLY,0.60,UNDECLARED_GAP,partial_remediation_recall,0.000000,0,6,26
A_STATUS_ONLY,0.60,UNDECLARED_GAP,accuracy,0.076923,2,26,26
A_STATUS_ONLY,0.60,UNDECLARED_GAP,evidence_requests_per_case,0.000000,0,26,26
A_STATUS_ONLY,0.40,CONTRADICTORY_EVIDENCE,false_assurance_rate,0.923077,24,26,26
A_STATUS_ONLY,0.40,CONTRADICTORY_EVIDENCE,unsafe_escape_rate,1.000000,22,22,26
A_STATUS_ONLY,0.40,CONTRADICTORY_EVIDENCE,verified_precision,0.076923,2,26,26
A_STATUS_ONLY,0.40,CONTRADICTORY_EVIDENCE,verified_recall,1.000000,2,2,26
A_STATUS_ONLY,0.40,CONTRADICTORY_EVIDENCE,abstention_rate,0.000000,0,26,26
A_STATUS_ONLY,0.40,CONTRADICTORY_EVIDENCE,harm_detection_recall,0.000000,0,4,26
A_STATUS_ONLY,0.40,CONTRADICTORY_EVIDENCE,partial_remediation_recall,0.000000,0,6,26
A_STATUS_ONLY,0.40,CONTRADICTORY_EVIDENCE,accuracy,0.076923,2,26,26
A_STATUS_ONLY,0.40,CONTRADICTORY_EVIDENCE,evidence_requests_per_case,0.000000,0,26,26
A_STATUS_ONLY,0.40,DECISIVE_FIELD_MISSING,false_assurance_rate,0.923077,24,26,26
A_STATUS_ONLY,0.40,DECISIVE_FIELD_MISSING,unsafe_escape_rate,1.000000,22,22,26
A_STATUS_ONLY,0.40,DECISIVE_FIELD_MISSING,verified_precision,0.076923,2,26,26
A_STATUS_ONLY,0.40,DECISIVE_FIELD_MISSING,verified_recall,1.000000,2,2,26
A_STATUS_ONLY,0.40,DECISIVE_FIELD_MISSING,abstention_rate,0.000000,0,26,26
A_STATUS_ONLY,0.40,DECISIVE_FIELD_MISSING,harm_detection_recall,0.000000,0,4,26
A_STATUS_ONLY,0.40,DECISIVE_FIELD_MISSING,partial_remediation_recall,0.000000,0,6,26
A_STATUS_ONLY,0.40,DECISIVE_FIELD_MISSING,accuracy,0.076923,2,26,26
A_STATUS_ONLY,0.40,DECISIVE_FIELD_MISSING,evidence_requests_per_case,0.000000,0,26,26
A_STATUS_ONLY,0.40,RANDOM_MISSING,false_assurance_rate,0.923077,24,26,26
A_STATUS_ONLY,0.40,RANDOM_MISSING,unsafe_escape_rate,1.000000,22,22,26
A_STATUS_ONLY,0.40,RANDOM_MISSING,verified_precision,0.076923,2,26,26
A_STATUS_ONLY,0.40,RANDOM_MISSING,verified_recall,1.000000,2,2,26
A_STATUS_ONLY,0.40,RANDOM_MISSING,abstention_rate,0.000000,0,26,26
A_STATUS_ONLY,0.40,RANDOM_MISSING,harm_detection_recall,0.000000,0,4,26
A_STATUS_ONLY,0.40,RANDOM_MISSING,partial_remediation_recall,0.000000,0,6,26
A_STATUS_ONLY,0.40,RANDOM_MISSING,accuracy,0.076923,2,26,26
A_STATUS_ONLY,0.40,RANDOM_MISSING,evidence_requests_per_case,0.000000,0,26,26
A_STATUS_ONLY,0.40,REGRESSION_EVIDENCE_MISSING,false_assurance_rate,0.923077,24,26,26
A_STATUS_ONLY,0.40,REGRESSION_EVIDENCE_MISSING,unsafe_escape_rate,1.000000,22,22,26
A_STATUS_ONLY,0.40,REGRESSION_EVIDENCE_MISSING,verified_precision,0.076923,2,26,26
A_STATUS_ONLY,0.40,REGRESSION_EVIDENCE_MISSING,verified_recall,1.000000,2,2,26
A_STATUS_ONLY,0.40,REGRESSION_EVIDENCE_MISSING,abstention_rate,0.000000,0,26,26
A_STATUS_ONLY,0.40,REGRESSION_EVIDENCE_MISSING,harm_detection_recall,0.000000,0,4,26
A_STATUS_ONLY,0.40,REGRESSION_EVIDENCE_MISSING,partial_remediation_recall,0.000000,0,6,26
A_STATUS_ONLY,0.40,REGRESSION_EVIDENCE_MISSING,accuracy,0.076923,2,26,26
A_STATUS_ONLY,0.40,REGRESSION_EVIDENCE_MISSING,evidence_requests_per_case,0.000000,0,26,26
A_STATUS_ONLY,0.40,SCOPE_MISMATCH,false_assurance_rate,0.923077,24,26,26
A_STATUS_ONLY,0.40,SCOPE_MISMATCH,unsafe_escape_rate,1.000000,22,22,26
A_STATUS_ONLY,0.40,SCOPE_MISMATCH,verified_precision,0.076923,2,26,26
A_STATUS_ONLY,0.40,SCOPE_MISMATCH,verified_recall,1.000000,2,2,26
A_STATUS_ONLY,0.40,SCOPE_MISMATCH,abstention_rate,0.000000,0,26,26
A_STATUS_ONLY,0.40,SCOPE_MISMATCH,harm_detection_recall,0.000000,0,4,26
A_STATUS_ONLY,0.40,SCOPE_MISMATCH,partial_remediation_recall,0.000000,0,6,26
A_STATUS_ONLY,0.40,SCOPE_MISMATCH,accuracy,0.076923,2,26,26
A_STATUS_ONLY,0.40,SCOPE_MISMATCH,evidence_requests_per_case,0.000000,0,26,26
A_STATUS_ONLY,0.40,STALE_EVIDENCE,false_assurance_rate,0.923077,24,26,26
A_STATUS_ONLY,0.40,STALE_EVIDENCE,unsafe_escape_rate,1.000000,22,22,26
A_STATUS_ONLY,0.40,STALE_EVIDENCE,verified_precision,0.076923,2,26,26
A_STATUS_ONLY,0.40,STALE_EVIDENCE,verified_recall,1.000000,2,2,26
A_STATUS_ONLY,0.40,STALE_EVIDENCE,abstention_rate,0.000000,0,26,26
A_STATUS_ONLY,0.40,STALE_EVIDENCE,harm_detection_recall,0.000000,0,4,26
A_STATUS_ONLY,0.40,STALE_EVIDENCE,partial_remediation_recall,0.000000,0,6,26
A_STATUS_ONLY,0.40,STALE_EVIDENCE,accuracy,0.076923,2,26,26
A_STATUS_ONLY,0.40,STALE_EVIDENCE,evidence_requests_per_case,0.000000,0,26,26
A_STATUS_ONLY,0.40,UNDECLARED_GAP,false_assurance_rate,0.923077,24,26,26
A_STATUS_ONLY,0.40,UNDECLARED_GAP,unsafe_escape_rate,1.000000,22,22,26
A_STATUS_ONLY,0.40,UNDECLARED_GAP,verified_precision,0.076923,2,26,26
A_STATUS_ONLY,0.40,UNDECLARED_GAP,verified_recall,1.000000,2,2,26
A_STATUS_ONLY,0.40,UNDECLARED_GAP,abstention_rate,0.000000,0,26,26
A_STATUS_ONLY,0.40,UNDECLARED_GAP,harm_detection_recall,0.000000,0,4,26
A_STATUS_ONLY,0.40,UNDECLARED_GAP,partial_remediation_recall,0.000000,0,6,26
A_STATUS_ONLY,0.40,UNDECLARED_GAP,accuracy,0.076923,2,26,26
A_STATUS_ONLY,0.40,UNDECLARED_GAP,evidence_requests_per_case,0.000000,0,26,26
B_TARGET_STATE,1.00,NONE,false_assurance_rate,0.909091,20,22,26
B_TARGET_STATE,1.00,NONE,unsafe_escape_rate,0.818182,18,22,26
B_TARGET_STATE,1.00,NONE,verified_precision,0.090909,2,22,26
B_TARGET_STATE,1.00,NONE,verified_recall,1.000000,2,2,26
B_TARGET_STATE,1.00,NONE,abstention_rate,0.000000,0,26,26
B_TARGET_STATE,1.00,NONE,harm_detection_recall,0.000000,0,4,26
B_TARGET_STATE,1.00,NONE,partial_remediation_recall,0.333333,2,6,26
B_TARGET_STATE,1.00,NONE,accuracy,0.230769,6,26,26
B_TARGET_STATE,1.00,NONE,evidence_requests_per_case,0.000000,0,26,26
B_TARGET_STATE,0.90,CONTRADICTORY_EVIDENCE,false_assurance_rate,0.888889,16,18,26
B_TARGET_STATE,0.90,CONTRADICTORY_EVIDENCE,unsafe_escape_rate,0.636364,14,22,26
B_TARGET_STATE,0.90,CONTRADICTORY_EVIDENCE,verified_precision,0.111111,2,18,26
B_TARGET_STATE,0.90,CONTRADICTORY_EVIDENCE,verified_recall,1.000000,2,2,26
B_TARGET_STATE,0.90,CONTRADICTORY_EVIDENCE,abstention_rate,0.000000,0,26,26
B_TARGET_STATE,0.90,CONTRADICTORY_EVIDENCE,harm_detection_recall,0.000000,0,4,26
B_TARGET_STATE,0.90,CONTRADICTORY_EVIDENCE,partial_remediation_recall,0.333333,2,6,26
B_TARGET_STATE,0.90,CONTRADICTORY_EVIDENCE,accuracy,0.346154,9,26,26
B_TARGET_STATE,0.90,CONTRADICTORY_EVIDENCE,evidence_requests_per_case,0.000000,0,26,26
B_TARGET_STATE,0.90,DECISIVE_FIELD_MISSING,false_assurance_rate,1.000000,13,13,26
B_TARGET_STATE,0.90,DECISIVE_FIELD_MISSING,unsafe_escape_rate,0.500000,11,22,26
B_TARGET_STATE,0.90,DECISIVE_FIELD_MISSING,verified_precision,0.000000,0,13,26
B_TARGET_STATE,0.90,DECISIVE_FIELD_MISSING,verified_recall,0.000000,0,2,26
B_TARGET_STATE,0.90,DECISIVE_FIELD_MISSING,abstention_rate,0.038462,1,26,26
B_TARGET_STATE,0.90,DECISIVE_FIELD_MISSING,harm_detection_recall,0.000000,0,4,26
B_TARGET_STATE,0.90,DECISIVE_FIELD_MISSING,partial_remediation_recall,0.333333,2,6,26
B_TARGET_STATE,0.90,DECISIVE_FIELD_MISSING,accuracy,0.269231,7,26,26
B_TARGET_STATE,0.90,DECISIVE_FIELD_MISSING,evidence_requests_per_case,0.000000,0,26,26
B_TARGET_STATE,0.90,RANDOM_MISSING,false_assurance_rate,0.894737,17,19,26
B_TARGET_STATE,0.90,RANDOM_MISSING,unsafe_escape_rate,0.681818,15,22,26
B_TARGET_STATE,0.90,RANDOM_MISSING,verified_precision,0.105263,2,19,26
B_TARGET_STATE,0.90,RANDOM_MISSING,verified_recall,1.000000,2,2,26
B_TARGET_STATE,0.90,RANDOM_MISSING,abstention_rate,0.000000,0,26,26
B_TARGET_STATE,0.90,RANDOM_MISSING,harm_detection_recall,0.000000,0,4,26
B_TARGET_STATE,0.90,RANDOM_MISSING,partial_remediation_recall,0.333333,2,6,26
B_TARGET_STATE,0.90,RANDOM_MISSING,accuracy,0.346154,9,26,26
B_TARGET_STATE,0.90,RANDOM_MISSING,evidence_requests_per_case,0.000000,0,26,26
B_TARGET_STATE,0.90,REGRESSION_EVIDENCE_MISSING,false_assurance_rate,0.909091,20,22,26
B_TARGET_STATE,0.90,REGRESSION_EVIDENCE_MISSING,unsafe_escape_rate,0.818182,18,22,26
B_TARGET_STATE,0.90,REGRESSION_EVIDENCE_MISSING,verified_precision,0.090909,2,22,26
B_TARGET_STATE,0.90,REGRESSION_EVIDENCE_MISSING,verified_recall,1.000000,2,2,26
B_TARGET_STATE,0.90,REGRESSION_EVIDENCE_MISSING,abstention_rate,0.000000,0,26,26
B_TARGET_STATE,0.90,REGRESSION_EVIDENCE_MISSING,harm_detection_recall,0.000000,0,4,26
B_TARGET_STATE,0.90,REGRESSION_EVIDENCE_MISSING,partial_remediation_recall,0.333333,2,6,26
B_TARGET_STATE,0.90,REGRESSION_EVIDENCE_MISSING,accuracy,0.230769,6,26,26
B_TARGET_STATE,0.90,REGRESSION_EVIDENCE_MISSING,evidence_requests_per_case,0.000000,0,26,26
B_TARGET_STATE,0.90,SCOPE_MISMATCH,false_assurance_rate,1.000000,11,11,26
B_TARGET_STATE,0.90,SCOPE_MISMATCH,unsafe_escape_rate,0.409091,9,22,26
B_TARGET_STATE,0.90,SCOPE_MISMATCH,verified_precision,0.000000,0,11,26
B_TARGET_STATE,0.90,SCOPE_MISMATCH,verified_recall,0.000000,0,2,26
B_TARGET_STATE,0.90,SCOPE_MISMATCH,abstention_rate,0.076923,2,26,26
B_TARGET_STATE,0.90,SCOPE_MISMATCH,harm_detection_recall,0.000000,0,4,26
B_TARGET_STATE,0.90,SCOPE_MISMATCH,partial_remediation_recall,0.333333,2,6,26
B_TARGET_STATE,0.90,SCOPE_MISMATCH,accuracy,0.346154,9,26,26
B_TARGET_STATE,0.90,SCOPE_MISMATCH,evidence_requests_per_case,0.000000,0,26,26
B_TARGET_STATE,0.90,STALE_EVIDENCE,false_assurance_rate,1.000000,12,12,26
B_TARGET_STATE,0.90,STALE_EVIDENCE,unsafe_escape_rate,0.454545,10,22,26
B_TARGET_STATE,0.90,STALE_EVIDENCE,verified_precision,0.000000,0,12,26
B_TARGET_STATE,0.90,STALE_EVIDENCE,verified_recall,0.000000,0,2,26
B_TARGET_STATE,0.90,STALE_EVIDENCE,abstention_rate,0.000000,0,26,26
B_TARGET_STATE,0.90,STALE_EVIDENCE,harm_detection_recall,0.000000,0,4,26
B_TARGET_STATE,0.90,STALE_EVIDENCE,partial_remediation_recall,0.333333,2,6,26
B_TARGET_STATE,0.90,STALE_EVIDENCE,accuracy,0.384615,10,26,26
B_TARGET_STATE,0.90,STALE_EVIDENCE,evidence_requests_per_case,0.000000,0,26,26
B_TARGET_STATE,0.90,UNDECLARED_GAP,false_assurance_rate,1.000000,14,14,26
B_TARGET_STATE,0.90,UNDECLARED_GAP,unsafe_escape_rate,0.545455,12,22,26
B_TARGET_STATE,0.90,UNDECLARED_GAP,verified_precision,0.000000,0,14,26
B_TARGET_STATE,0.90,UNDECLARED_GAP,verified_recall,0.000000,0,2,26
B_TARGET_STATE,0.90,UNDECLARED_GAP,abstention_rate,0.000000,0,26,26
B_TARGET_STATE,0.90,UNDECLARED_GAP,harm_detection_recall,0.000000,0,4,26
B_TARGET_STATE,0.90,UNDECLARED_GAP,partial_remediation_recall,0.333333,2,6,26
B_TARGET_STATE,0.90,UNDECLARED_GAP,accuracy,0.307692,8,26,26
B_TARGET_STATE,0.90,UNDECLARED_GAP,evidence_requests_per_case,0.000000,0,26,26
B_TARGET_STATE,0.80,CONTRADICTORY_EVIDENCE,false_assurance_rate,0.888889,16,18,26
B_TARGET_STATE,0.80,CONTRADICTORY_EVIDENCE,unsafe_escape_rate,0.636364,14,22,26
B_TARGET_STATE,0.80,CONTRADICTORY_EVIDENCE,verified_precision,0.111111,2,18,26
B_TARGET_STATE,0.80,CONTRADICTORY_EVIDENCE,verified_recall,1.000000,2,2,26
B_TARGET_STATE,0.80,CONTRADICTORY_EVIDENCE,abstention_rate,0.000000,0,26,26
B_TARGET_STATE,0.80,CONTRADICTORY_EVIDENCE,harm_detection_recall,0.000000,0,4,26
B_TARGET_STATE,0.80,CONTRADICTORY_EVIDENCE,partial_remediation_recall,0.333333,2,6,26
B_TARGET_STATE,0.80,CONTRADICTORY_EVIDENCE,accuracy,0.384615,10,26,26
B_TARGET_STATE,0.80,CONTRADICTORY_EVIDENCE,evidence_requests_per_case,0.000000,0,26,26
B_TARGET_STATE,0.80,DECISIVE_FIELD_MISSING,false_assurance_rate,1.000000,10,10,26
B_TARGET_STATE,0.80,DECISIVE_FIELD_MISSING,unsafe_escape_rate,0.409091,9,22,26
B_TARGET_STATE,0.80,DECISIVE_FIELD_MISSING,verified_precision,0.000000,0,10,26
B_TARGET_STATE,0.80,DECISIVE_FIELD_MISSING,verified_recall,0.000000,0,2,26
B_TARGET_STATE,0.80,DECISIVE_FIELD_MISSING,abstention_rate,0.192308,5,26,26
B_TARGET_STATE,0.80,DECISIVE_FIELD_MISSING,harm_detection_recall,0.000000,0,4,26
B_TARGET_STATE,0.80,DECISIVE_FIELD_MISSING,partial_remediation_recall,0.333333,2,6,26
B_TARGET_STATE,0.80,DECISIVE_FIELD_MISSING,accuracy,0.230769,6,26,26
B_TARGET_STATE,0.80,DECISIVE_FIELD_MISSING,evidence_requests_per_case,0.000000,0,26,26
B_TARGET_STATE,0.80,RANDOM_MISSING,false_assurance_rate,0.941176,16,17,26
B_TARGET_STATE,0.80,RANDOM_MISSING,unsafe_escape_rate,0.636364,14,22,26
B_TARGET_STATE,0.80,RANDOM_MISSING,verified_precision,0.058824,1,17,26
B_TARGET_STATE,0.80,RANDOM_MISSING,verified_recall,0.500000,1,2,26
B_TARGET_STATE,0.80,RANDOM_MISSING,abstention_rate,0.038462,1,26,26
B_TARGET_STATE,0.80,RANDOM_MISSING,harm_detection_recall,0.000000,0,4,26
B_TARGET_STATE,0.80,RANDOM_MISSING,partial_remediation_recall,0.166667,1,6,26
B_TARGET_STATE,0.80,RANDOM_MISSING,accuracy,0.269231,7,26,26
B_TARGET_STATE,0.80,RANDOM_MISSING,evidence_requests_per_case,0.000000,0,26,26
B_TARGET_STATE,0.80,REGRESSION_EVIDENCE_MISSING,false_assurance_rate,0.909091,20,22,26
B_TARGET_STATE,0.80,REGRESSION_EVIDENCE_MISSING,unsafe_escape_rate,0.818182,18,22,26
B_TARGET_STATE,0.80,REGRESSION_EVIDENCE_MISSING,verified_precision,0.090909,2,22,26
B_TARGET_STATE,0.80,REGRESSION_EVIDENCE_MISSING,verified_recall,1.000000,2,2,26
B_TARGET_STATE,0.80,REGRESSION_EVIDENCE_MISSING,abstention_rate,0.038462,1,26,26
B_TARGET_STATE,0.80,REGRESSION_EVIDENCE_MISSING,harm_detection_recall,0.000000,0,4,26
B_TARGET_STATE,0.80,REGRESSION_EVIDENCE_MISSING,partial_remediation_recall,0.166667,1,6,26
B_TARGET_STATE,0.80,REGRESSION_EVIDENCE_MISSING,accuracy,0.192308,5,26,26
B_TARGET_STATE,0.80,REGRESSION_EVIDENCE_MISSING,evidence_requests_per_case,0.000000,0,26,26
B_TARGET_STATE,0.80,SCOPE_MISMATCH,false_assurance_rate,1.000000,12,12,26
B_TARGET_STATE,0.80,SCOPE_MISMATCH,unsafe_escape_rate,0.454545,10,22,26
B_TARGET_STATE,0.80,SCOPE_MISMATCH,verified_precision,0.000000,0,12,26
B_TARGET_STATE,0.80,SCOPE_MISMATCH,verified_recall,0.000000,0,2,26
B_TARGET_STATE,0.80,SCOPE_MISMATCH,abstention_rate,0.115385,3,26,26
B_TARGET_STATE,0.80,SCOPE_MISMATCH,harm_detection_recall,0.000000,0,4,26
B_TARGET_STATE,0.80,SCOPE_MISMATCH,partial_remediation_recall,0.000000,0,6,26
B_TARGET_STATE,0.80,SCOPE_MISMATCH,accuracy,0.269231,7,26,26
B_TARGET_STATE,0.80,SCOPE_MISMATCH,evidence_requests_per_case,0.000000,0,26,26
B_TARGET_STATE,0.80,STALE_EVIDENCE,false_assurance_rate,1.000000,12,12,26
B_TARGET_STATE,0.80,STALE_EVIDENCE,unsafe_escape_rate,0.500000,11,22,26
B_TARGET_STATE,0.80,STALE_EVIDENCE,verified_precision,0.000000,0,12,26
B_TARGET_STATE,0.80,STALE_EVIDENCE,verified_recall,0.000000,0,2,26
B_TARGET_STATE,0.80,STALE_EVIDENCE,abstention_rate,0.000000,0,26,26
B_TARGET_STATE,0.80,STALE_EVIDENCE,harm_detection_recall,0.000000,0,4,26
B_TARGET_STATE,0.80,STALE_EVIDENCE,partial_remediation_recall,0.333333,2,6,26
B_TARGET_STATE,0.80,STALE_EVIDENCE,accuracy,0.346154,9,26,26
B_TARGET_STATE,0.80,STALE_EVIDENCE,evidence_requests_per_case,0.000000,0,26,26
B_TARGET_STATE,0.80,UNDECLARED_GAP,false_assurance_rate,1.000000,10,10,26
B_TARGET_STATE,0.80,UNDECLARED_GAP,unsafe_escape_rate,0.409091,9,22,26
B_TARGET_STATE,0.80,UNDECLARED_GAP,verified_precision,0.000000,0,10,26
B_TARGET_STATE,0.80,UNDECLARED_GAP,verified_recall,0.000000,0,2,26
B_TARGET_STATE,0.80,UNDECLARED_GAP,abstention_rate,0.076923,2,26,26
B_TARGET_STATE,0.80,UNDECLARED_GAP,harm_detection_recall,0.000000,0,4,26
B_TARGET_STATE,0.80,UNDECLARED_GAP,partial_remediation_recall,0.166667,1,6,26
B_TARGET_STATE,0.80,UNDECLARED_GAP,accuracy,0.307692,8,26,26
B_TARGET_STATE,0.80,UNDECLARED_GAP,evidence_requests_per_case,0.000000,0,26,26
B_TARGET_STATE,0.60,CONTRADICTORY_EVIDENCE,false_assurance_rate,0.866667,13,15,26
B_TARGET_STATE,0.60,CONTRADICTORY_EVIDENCE,unsafe_escape_rate,0.500000,11,22,26
B_TARGET_STATE,0.60,CONTRADICTORY_EVIDENCE,verified_precision,0.133333,2,15,26
B_TARGET_STATE,0.60,CONTRADICTORY_EVIDENCE,verified_recall,1.000000,2,2,26
B_TARGET_STATE,0.60,CONTRADICTORY_EVIDENCE,abstention_rate,0.000000,0,26,26
B_TARGET_STATE,0.60,CONTRADICTORY_EVIDENCE,harm_detection_recall,0.000000,0,4,26
B_TARGET_STATE,0.60,CONTRADICTORY_EVIDENCE,partial_remediation_recall,0.333333,2,6,26
B_TARGET_STATE,0.60,CONTRADICTORY_EVIDENCE,accuracy,0.423077,11,26,26
B_TARGET_STATE,0.60,CONTRADICTORY_EVIDENCE,evidence_requests_per_case,0.000000,0,26,26
B_TARGET_STATE,0.60,DECISIVE_FIELD_MISSING,false_assurance_rate,1.000000,8,8,26
B_TARGET_STATE,0.60,DECISIVE_FIELD_MISSING,unsafe_escape_rate,0.272727,6,22,26
B_TARGET_STATE,0.60,DECISIVE_FIELD_MISSING,verified_precision,0.000000,0,8,26
B_TARGET_STATE,0.60,DECISIVE_FIELD_MISSING,verified_recall,0.000000,0,2,26
B_TARGET_STATE,0.60,DECISIVE_FIELD_MISSING,abstention_rate,0.115385,3,26,26
B_TARGET_STATE,0.60,DECISIVE_FIELD_MISSING,harm_detection_recall,0.000000,0,4,26
B_TARGET_STATE,0.60,DECISIVE_FIELD_MISSING,partial_remediation_recall,0.166667,1,6,26
B_TARGET_STATE,0.60,DECISIVE_FIELD_MISSING,accuracy,0.346154,9,26,26
B_TARGET_STATE,0.60,DECISIVE_FIELD_MISSING,evidence_requests_per_case,0.000000,0,26,26
B_TARGET_STATE,0.60,RANDOM_MISSING,false_assurance_rate,0.882353,15,17,26
B_TARGET_STATE,0.60,RANDOM_MISSING,unsafe_escape_rate,0.590909,13,22,26
B_TARGET_STATE,0.60,RANDOM_MISSING,verified_precision,0.117647,2,17,26
B_TARGET_STATE,0.60,RANDOM_MISSING,verified_recall,1.000000,2,2,26
B_TARGET_STATE,0.60,RANDOM_MISSING,abstention_rate,0.153846,4,26,26
B_TARGET_STATE,0.60,RANDOM_MISSING,harm_detection_recall,0.000000,0,4,26
B_TARGET_STATE,0.60,RANDOM_MISSING,partial_remediation_recall,0.166667,1,6,26
B_TARGET_STATE,0.60,RANDOM_MISSING,accuracy,0.230769,6,26,26
B_TARGET_STATE,0.60,RANDOM_MISSING,evidence_requests_per_case,0.000000,0,26,26
B_TARGET_STATE,0.60,REGRESSION_EVIDENCE_MISSING,false_assurance_rate,0.875000,14,16,26
B_TARGET_STATE,0.60,REGRESSION_EVIDENCE_MISSING,unsafe_escape_rate,0.545455,12,22,26
B_TARGET_STATE,0.60,REGRESSION_EVIDENCE_MISSING,verified_precision,0.125000,2,16,26
B_TARGET_STATE,0.60,REGRESSION_EVIDENCE_MISSING,verified_recall,1.000000,2,2,26
B_TARGET_STATE,0.60,REGRESSION_EVIDENCE_MISSING,abstention_rate,0.115385,3,26,26
B_TARGET_STATE,0.60,REGRESSION_EVIDENCE_MISSING,harm_detection_recall,0.000000,0,4,26
B_TARGET_STATE,0.60,REGRESSION_EVIDENCE_MISSING,partial_remediation_recall,0.000000,0,6,26
B_TARGET_STATE,0.60,REGRESSION_EVIDENCE_MISSING,accuracy,0.307692,8,26,26
B_TARGET_STATE,0.60,REGRESSION_EVIDENCE_MISSING,evidence_requests_per_case,0.000000,0,26,26
B_TARGET_STATE,0.60,SCOPE_MISMATCH,false_assurance_rate,1.000000,10,10,26
B_TARGET_STATE,0.60,SCOPE_MISMATCH,unsafe_escape_rate,0.409091,9,22,26
B_TARGET_STATE,0.60,SCOPE_MISMATCH,verified_precision,0.000000,0,10,26
B_TARGET_STATE,0.60,SCOPE_MISMATCH,verified_recall,0.000000,0,2,26
B_TARGET_STATE,0.60,SCOPE_MISMATCH,abstention_rate,0.269231,7,26,26
B_TARGET_STATE,0.60,SCOPE_MISMATCH,harm_detection_recall,0.000000,0,4,26
B_TARGET_STATE,0.60,SCOPE_MISMATCH,partial_remediation_recall,0.000000,0,6,26
B_TARGET_STATE,0.60,SCOPE_MISMATCH,accuracy,0.153846,4,26,26
B_TARGET_STATE,0.60,SCOPE_MISMATCH,evidence_requests_per_case,0.000000,0,26,26
B_TARGET_STATE,0.60,STALE_EVIDENCE,false_assurance_rate,1.000000,11,11,26
B_TARGET_STATE,0.60,STALE_EVIDENCE,unsafe_escape_rate,0.409091,9,22,26
B_TARGET_STATE,0.60,STALE_EVIDENCE,verified_precision,0.000000,0,11,26
B_TARGET_STATE,0.60,STALE_EVIDENCE,verified_recall,0.000000,0,2,26
B_TARGET_STATE,0.60,STALE_EVIDENCE,abstention_rate,0.000000,0,26,26
B_TARGET_STATE,0.60,STALE_EVIDENCE,harm_detection_recall,0.000000,0,4,26
B_TARGET_STATE,0.60,STALE_EVIDENCE,partial_remediation_recall,0.333333,2,6,26
B_TARGET_STATE,0.60,STALE_EVIDENCE,accuracy,0.384615,10,26,26
B_TARGET_STATE,0.60,STALE_EVIDENCE,evidence_requests_per_case,0.000000,0,26,26
B_TARGET_STATE,0.60,UNDECLARED_GAP,false_assurance_rate,1.000000,7,7,26
B_TARGET_STATE,0.60,UNDECLARED_GAP,unsafe_escape_rate,0.227273,5,22,26
B_TARGET_STATE,0.60,UNDECLARED_GAP,verified_precision,0.000000,0,7,26
B_TARGET_STATE,0.60,UNDECLARED_GAP,verified_recall,0.000000,0,2,26
B_TARGET_STATE,0.60,UNDECLARED_GAP,abstention_rate,0.269231,7,26,26
B_TARGET_STATE,0.60,UNDECLARED_GAP,harm_detection_recall,0.000000,0,4,26
B_TARGET_STATE,0.60,UNDECLARED_GAP,partial_remediation_recall,0.000000,0,6,26
B_TARGET_STATE,0.60,UNDECLARED_GAP,accuracy,0.230769,6,26,26
B_TARGET_STATE,0.60,UNDECLARED_GAP,evidence_requests_per_case,0.000000,0,26,26
B_TARGET_STATE,0.40,CONTRADICTORY_EVIDENCE,false_assurance_rate,0.857143,12,14,26
B_TARGET_STATE,0.40,CONTRADICTORY_EVIDENCE,unsafe_escape_rate,0.500000,11,22,26
B_TARGET_STATE,0.40,CONTRADICTORY_EVIDENCE,verified_precision,0.142857,2,14,26
B_TARGET_STATE,0.40,CONTRADICTORY_EVIDENCE,verified_recall,1.000000,2,2,26
B_TARGET_STATE,0.40,CONTRADICTORY_EVIDENCE,abstention_rate,0.000000,0,26,26
B_TARGET_STATE,0.40,CONTRADICTORY_EVIDENCE,harm_detection_recall,0.000000,0,4,26
B_TARGET_STATE,0.40,CONTRADICTORY_EVIDENCE,partial_remediation_recall,0.333333,2,6,26
B_TARGET_STATE,0.40,CONTRADICTORY_EVIDENCE,accuracy,0.346154,9,26,26
B_TARGET_STATE,0.40,CONTRADICTORY_EVIDENCE,evidence_requests_per_case,0.000000,0,26,26
B_TARGET_STATE,0.40,DECISIVE_FIELD_MISSING,false_assurance_rate,1.000000,7,7,26
B_TARGET_STATE,0.40,DECISIVE_FIELD_MISSING,unsafe_escape_rate,0.318182,7,22,26
B_TARGET_STATE,0.40,DECISIVE_FIELD_MISSING,verified_precision,0.000000,0,7,26
B_TARGET_STATE,0.40,DECISIVE_FIELD_MISSING,verified_recall,0.000000,0,2,26
B_TARGET_STATE,0.40,DECISIVE_FIELD_MISSING,abstention_rate,0.461538,12,26,26
B_TARGET_STATE,0.40,DECISIVE_FIELD_MISSING,harm_detection_recall,0.000000,0,4,26
B_TARGET_STATE,0.40,DECISIVE_FIELD_MISSING,partial_remediation_recall,0.000000,0,6,26
B_TARGET_STATE,0.40,DECISIVE_FIELD_MISSING,accuracy,0.192308,5,26,26
B_TARGET_STATE,0.40,DECISIVE_FIELD_MISSING,evidence_requests_per_case,0.000000,0,26,26
B_TARGET_STATE,0.40,RANDOM_MISSING,false_assurance_rate,0.800000,8,10,26
B_TARGET_STATE,0.40,RANDOM_MISSING,unsafe_escape_rate,0.318182,7,22,26
B_TARGET_STATE,0.40,RANDOM_MISSING,verified_precision,0.200000,2,10,26
B_TARGET_STATE,0.40,RANDOM_MISSING,verified_recall,1.000000,2,2,26
B_TARGET_STATE,0.40,RANDOM_MISSING,abstention_rate,0.230769,6,26,26
B_TARGET_STATE,0.40,RANDOM_MISSING,harm_detection_recall,0.000000,0,4,26
B_TARGET_STATE,0.40,RANDOM_MISSING,partial_remediation_recall,0.000000,0,6,26
B_TARGET_STATE,0.40,RANDOM_MISSING,accuracy,0.269231,7,26,26
B_TARGET_STATE,0.40,RANDOM_MISSING,evidence_requests_per_case,0.000000,0,26,26
B_TARGET_STATE,0.40,REGRESSION_EVIDENCE_MISSING,false_assurance_rate,0.857143,12,14,26
B_TARGET_STATE,0.40,REGRESSION_EVIDENCE_MISSING,unsafe_escape_rate,0.545455,12,22,26
B_TARGET_STATE,0.40,REGRESSION_EVIDENCE_MISSING,verified_precision,0.142857,2,14,26
B_TARGET_STATE,0.40,REGRESSION_EVIDENCE_MISSING,verified_recall,1.000000,2,2,26
B_TARGET_STATE,0.40,REGRESSION_EVIDENCE_MISSING,abstention_rate,0.192308,5,26,26
B_TARGET_STATE,0.40,REGRESSION_EVIDENCE_MISSING,harm_detection_recall,0.000000,0,4,26
B_TARGET_STATE,0.40,REGRESSION_EVIDENCE_MISSING,partial_remediation_recall,0.000000,0,6,26
B_TARGET_STATE,0.40,REGRESSION_EVIDENCE_MISSING,accuracy,0.269231,7,26,26
B_TARGET_STATE,0.40,REGRESSION_EVIDENCE_MISSING,evidence_requests_per_case,0.000000,0,26,26
B_TARGET_STATE,0.40,SCOPE_MISMATCH,false_assurance_rate,1.000000,7,7,26
B_TARGET_STATE,0.40,SCOPE_MISMATCH,unsafe_escape_rate,0.272727,6,22,26
B_TARGET_STATE,0.40,SCOPE_MISMATCH,verified_precision,0.000000,0,7,26
B_TARGET_STATE,0.40,SCOPE_MISMATCH,verified_recall,0.000000,0,2,26
B_TARGET_STATE,0.40,SCOPE_MISMATCH,abstention_rate,0.384615,10,26,26
B_TARGET_STATE,0.40,SCOPE_MISMATCH,harm_detection_recall,0.000000,0,4,26
B_TARGET_STATE,0.40,SCOPE_MISMATCH,partial_remediation_recall,0.000000,0,6,26
B_TARGET_STATE,0.40,SCOPE_MISMATCH,accuracy,0.115385,3,26,26
B_TARGET_STATE,0.40,SCOPE_MISMATCH,evidence_requests_per_case,0.000000,0,26,26
B_TARGET_STATE,0.40,STALE_EVIDENCE,false_assurance_rate,1.000000,4,4,26
B_TARGET_STATE,0.40,STALE_EVIDENCE,unsafe_escape_rate,0.181818,4,22,26
B_TARGET_STATE,0.40,STALE_EVIDENCE,verified_precision,0.000000,0,4,26
B_TARGET_STATE,0.40,STALE_EVIDENCE,verified_recall,0.000000,0,2,26
B_TARGET_STATE,0.40,STALE_EVIDENCE,abstention_rate,0.000000,0,26,26
B_TARGET_STATE,0.40,STALE_EVIDENCE,harm_detection_recall,0.000000,0,4,26
B_TARGET_STATE,0.40,STALE_EVIDENCE,partial_remediation_recall,0.333333,2,6,26
B_TARGET_STATE,0.40,STALE_EVIDENCE,accuracy,0.500000,13,26,26
B_TARGET_STATE,0.40,STALE_EVIDENCE,evidence_requests_per_case,0.000000,0,26,26
B_TARGET_STATE,0.40,UNDECLARED_GAP,false_assurance_rate,1.000000,7,7,26
B_TARGET_STATE,0.40,UNDECLARED_GAP,unsafe_escape_rate,0.272727,6,22,26
B_TARGET_STATE,0.40,UNDECLARED_GAP,verified_precision,0.000000,0,7,26
B_TARGET_STATE,0.40,UNDECLARED_GAP,verified_recall,0.000000,0,2,26
B_TARGET_STATE,0.40,UNDECLARED_GAP,abstention_rate,0.423077,11,26,26
B_TARGET_STATE,0.40,UNDECLARED_GAP,harm_detection_recall,0.000000,0,4,26
B_TARGET_STATE,0.40,UNDECLARED_GAP,partial_remediation_recall,0.000000,0,6,26
B_TARGET_STATE,0.40,UNDECLARED_GAP,accuracy,0.192308,5,26,26
B_TARGET_STATE,0.40,UNDECLARED_GAP,evidence_requests_per_case,0.000000,0,26,26
C_SCOPE_UNAWARE_INDEPENDENT,1.00,NONE,false_assurance_rate,0.000000,0,2,26
C_SCOPE_UNAWARE_INDEPENDENT,1.00,NONE,unsafe_escape_rate,0.000000,0,22,26
C_SCOPE_UNAWARE_INDEPENDENT,1.00,NONE,verified_precision,1.000000,2,2,26
C_SCOPE_UNAWARE_INDEPENDENT,1.00,NONE,verified_recall,1.000000,2,2,26
C_SCOPE_UNAWARE_INDEPENDENT,1.00,NONE,abstention_rate,0.000000,0,26,26
C_SCOPE_UNAWARE_INDEPENDENT,1.00,NONE,harm_detection_recall,1.000000,4,4,26
C_SCOPE_UNAWARE_INDEPENDENT,1.00,NONE,partial_remediation_recall,1.000000,6,6,26
C_SCOPE_UNAWARE_INDEPENDENT,1.00,NONE,accuracy,1.000000,26,26,26
C_SCOPE_UNAWARE_INDEPENDENT,1.00,NONE,evidence_requests_per_case,0.000000,0,26,26
C_SCOPE_UNAWARE_INDEPENDENT,0.90,CONTRADICTORY_EVIDENCE,false_assurance_rate,0.000000,0,2,26
C_SCOPE_UNAWARE_INDEPENDENT,0.90,CONTRADICTORY_EVIDENCE,unsafe_escape_rate,0.000000,0,22,26
C_SCOPE_UNAWARE_INDEPENDENT,0.90,CONTRADICTORY_EVIDENCE,verified_precision,1.000000,2,2,26
C_SCOPE_UNAWARE_INDEPENDENT,0.90,CONTRADICTORY_EVIDENCE,verified_recall,1.000000,2,2,26
C_SCOPE_UNAWARE_INDEPENDENT,0.90,CONTRADICTORY_EVIDENCE,abstention_rate,0.000000,0,26,26
C_SCOPE_UNAWARE_INDEPENDENT,0.90,CONTRADICTORY_EVIDENCE,harm_detection_recall,1.000000,4,4,26
C_SCOPE_UNAWARE_INDEPENDENT,0.90,CONTRADICTORY_EVIDENCE,partial_remediation_recall,0.666667,4,6,26
C_SCOPE_UNAWARE_INDEPENDENT,0.90,CONTRADICTORY_EVIDENCE,accuracy,0.923077,24,26,26
C_SCOPE_UNAWARE_INDEPENDENT,0.90,CONTRADICTORY_EVIDENCE,evidence_requests_per_case,0.000000,0,26,26
C_SCOPE_UNAWARE_INDEPENDENT,0.90,DECISIVE_FIELD_MISSING,false_assurance_rate,0.882353,15,17,26
C_SCOPE_UNAWARE_INDEPENDENT,0.90,DECISIVE_FIELD_MISSING,unsafe_escape_rate,0.590909,13,22,26
C_SCOPE_UNAWARE_INDEPENDENT,0.90,DECISIVE_FIELD_MISSING,verified_precision,0.117647,2,17,26
C_SCOPE_UNAWARE_INDEPENDENT,0.90,DECISIVE_FIELD_MISSING,verified_recall,1.000000,2,2,26
C_SCOPE_UNAWARE_INDEPENDENT,0.90,DECISIVE_FIELD_MISSING,abstention_rate,0.038462,1,26,26
C_SCOPE_UNAWARE_INDEPENDENT,0.90,DECISIVE_FIELD_MISSING,harm_detection_recall,0.000000,0,4,26
C_SCOPE_UNAWARE_INDEPENDENT,0.90,DECISIVE_FIELD_MISSING,partial_remediation_recall,0.666667,4,6,26
C_SCOPE_UNAWARE_INDEPENDENT,0.90,DECISIVE_FIELD_MISSING,accuracy,0.307692,8,26,26
C_SCOPE_UNAWARE_INDEPENDENT,0.90,DECISIVE_FIELD_MISSING,evidence_requests_per_case,0.000000,0,26,26
C_SCOPE_UNAWARE_INDEPENDENT,0.90,RANDOM_MISSING,false_assurance_rate,0.000000,0,2,26
C_SCOPE_UNAWARE_INDEPENDENT,0.90,RANDOM_MISSING,unsafe_escape_rate,0.000000,0,22,26
C_SCOPE_UNAWARE_INDEPENDENT,0.90,RANDOM_MISSING,verified_precision,1.000000,2,2,26
C_SCOPE_UNAWARE_INDEPENDENT,0.90,RANDOM_MISSING,verified_recall,1.000000,2,2,26
C_SCOPE_UNAWARE_INDEPENDENT,0.90,RANDOM_MISSING,abstention_rate,0.000000,0,26,26
C_SCOPE_UNAWARE_INDEPENDENT,0.90,RANDOM_MISSING,harm_detection_recall,1.000000,4,4,26
C_SCOPE_UNAWARE_INDEPENDENT,0.90,RANDOM_MISSING,partial_remediation_recall,1.000000,6,6,26
C_SCOPE_UNAWARE_INDEPENDENT,0.90,RANDOM_MISSING,accuracy,1.000000,26,26,26
C_SCOPE_UNAWARE_INDEPENDENT,0.90,RANDOM_MISSING,evidence_requests_per_case,0.000000,0,26,26
C_SCOPE_UNAWARE_INDEPENDENT,0.90,REGRESSION_EVIDENCE_MISSING,false_assurance_rate,0.666667,4,6,26
C_SCOPE_UNAWARE_INDEPENDENT,0.90,REGRESSION_EVIDENCE_MISSING,unsafe_escape_rate,0.090909,2,22,26
C_SCOPE_UNAWARE_INDEPENDENT,0.90,REGRESSION_EVIDENCE_MISSING,verified_precision,0.333333,2,6,26
C_SCOPE_UNAWARE_INDEPENDENT,0.90,REGRESSION_EVIDENCE_MISSING,verified_recall,1.000000,2,2,26
C_SCOPE_UNAWARE_INDEPENDENT,0.90,REGRESSION_EVIDENCE_MISSING,abstention_rate,0.000000,0,26,26
C_SCOPE_UNAWARE_INDEPENDENT,0.90,REGRESSION_EVIDENCE_MISSING,harm_detection_recall,0.000000,0,4,26
C_SCOPE_UNAWARE_INDEPENDENT,0.90,REGRESSION_EVIDENCE_MISSING,partial_remediation_recall,1.000000,6,6,26
C_SCOPE_UNAWARE_INDEPENDENT,0.90,REGRESSION_EVIDENCE_MISSING,accuracy,0.846154,22,26,26
C_SCOPE_UNAWARE_INDEPENDENT,0.90,REGRESSION_EVIDENCE_MISSING,evidence_requests_per_case,0.000000,0,26,26
C_SCOPE_UNAWARE_INDEPENDENT,0.90,SCOPE_MISMATCH,false_assurance_rate,0.875000,14,16,26
C_SCOPE_UNAWARE_INDEPENDENT,0.90,SCOPE_MISMATCH,unsafe_escape_rate,0.545455,12,22,26
C_SCOPE_UNAWARE_INDEPENDENT,0.90,SCOPE_MISMATCH,verified_precision,0.125000,2,16,26
C_SCOPE_UNAWARE_INDEPENDENT,0.90,SCOPE_MISMATCH,verified_recall,1.000000,2,2,26
C_SCOPE_UNAWARE_INDEPENDENT,0.90,SCOPE_MISMATCH,abstention_rate,0.076923,2,26,26
C_SCOPE_UNAWARE_INDEPENDENT,0.90,SCOPE_MISMATCH,harm_detection_recall,0.000000,0,4,26
C_SCOPE_UNAWARE_INDEPENDENT,0.90,SCOPE_MISMATCH,partial_remediation_recall,0.666667,4,6,26
C_SCOPE_UNAWARE_INDEPENDENT,0.90,SCOPE_MISMATCH,accuracy,0.307692,8,26,26
C_SCOPE_UNAWARE_INDEPENDENT,0.90,SCOPE_MISMATCH,evidence_requests_per_case,0.000000,0,26,26
C_SCOPE_UNAWARE_INDEPENDENT,0.90,STALE_EVIDENCE,false_assurance_rate,0.937500,15,16,26
C_SCOPE_UNAWARE_INDEPENDENT,0.90,STALE_EVIDENCE,unsafe_escape_rate,0.590909,13,22,26
C_SCOPE_UNAWARE_INDEPENDENT,0.90,STALE_EVIDENCE,verified_precision,0.062500,1,16,26
C_SCOPE_UNAWARE_INDEPENDENT,0.90,STALE_EVIDENCE,verified_recall,0.500000,1,2,26
C_SCOPE_UNAWARE_INDEPENDENT,0.90,STALE_EVIDENCE,abstention_rate,0.000000,0,26,26
C_SCOPE_UNAWARE_INDEPENDENT,0.90,STALE_EVIDENCE,harm_detection_recall,0.000000,0,4,26
C_SCOPE_UNAWARE_INDEPENDENT,0.90,STALE_EVIDENCE,partial_remediation_recall,0.666667,4,6,26
C_SCOPE_UNAWARE_INDEPENDENT,0.90,STALE_EVIDENCE,accuracy,0.307692,8,26,26
C_SCOPE_UNAWARE_INDEPENDENT,0.90,STALE_EVIDENCE,evidence_requests_per_case,0.000000,0,26,26
C_SCOPE_UNAWARE_INDEPENDENT,0.90,UNDECLARED_GAP,false_assurance_rate,0.888889,16,18,26
C_SCOPE_UNAWARE_INDEPENDENT,0.90,UNDECLARED_GAP,unsafe_escape_rate,0.636364,14,22,26
C_SCOPE_UNAWARE_INDEPENDENT,0.90,UNDECLARED_GAP,verified_precision,0.111111,2,18,26
C_SCOPE_UNAWARE_INDEPENDENT,0.90,UNDECLARED_GAP,verified_recall,1.000000,2,2,26
C_SCOPE_UNAWARE_INDEPENDENT,0.90,UNDECLARED_GAP,abstention_rate,0.000000,0,26,26
C_SCOPE_UNAWARE_INDEPENDENT,0.90,UNDECLARED_GAP,harm_detection_recall,0.000000,0,4,26
C_SCOPE_UNAWARE_INDEPENDENT,0.90,UNDECLARED_GAP,partial_remediation_recall,0.666667,4,6,26
C_SCOPE_UNAWARE_INDEPENDENT,0.90,UNDECLARED_GAP,accuracy,0.307692,8,26,26
C_SCOPE_UNAWARE_INDEPENDENT,0.90,UNDECLARED_GAP,evidence_requests_per_case,0.000000,0,26,26
C_SCOPE_UNAWARE_INDEPENDENT,0.80,CONTRADICTORY_EVIDENCE,false_assurance_rate,0.000000,0,2,26
C_SCOPE_UNAWARE_INDEPENDENT,0.80,CONTRADICTORY_EVIDENCE,unsafe_escape_rate,0.000000,0,22,26
C_SCOPE_UNAWARE_INDEPENDENT,0.80,CONTRADICTORY_EVIDENCE,verified_precision,1.000000,2,2,26
C_SCOPE_UNAWARE_INDEPENDENT,0.80,CONTRADICTORY_EVIDENCE,verified_recall,1.000000,2,2,26
C_SCOPE_UNAWARE_INDEPENDENT,0.80,CONTRADICTORY_EVIDENCE,abstention_rate,0.000000,0,26,26
C_SCOPE_UNAWARE_INDEPENDENT,0.80,CONTRADICTORY_EVIDENCE,harm_detection_recall,0.750000,3,4,26
C_SCOPE_UNAWARE_INDEPENDENT,0.80,CONTRADICTORY_EVIDENCE,partial_remediation_recall,1.000000,6,6,26
C_SCOPE_UNAWARE_INDEPENDENT,0.80,CONTRADICTORY_EVIDENCE,accuracy,0.961538,25,26,26
C_SCOPE_UNAWARE_INDEPENDENT,0.80,CONTRADICTORY_EVIDENCE,evidence_requests_per_case,0.000000,0,26,26
C_SCOPE_UNAWARE_INDEPENDENT,0.80,DECISIVE_FIELD_MISSING,false_assurance_rate,0.923077,12,13,26
C_SCOPE_UNAWARE_INDEPENDENT,0.80,DECISIVE_FIELD_MISSING,unsafe_escape_rate,0.454545,10,22,26
C_SCOPE_UNAWARE_INDEPENDENT,0.80,DECISIVE_FIELD_MISSING,verified_precision,0.076923,1,13,26
C_SCOPE_UNAWARE_INDEPENDENT,0.80,DECISIVE_FIELD_MISSING,verified_recall,0.500000,1,2,26
C_SCOPE_UNAWARE_INDEPENDENT,0.80,DECISIVE_FIELD_MISSING,abstention_rate,0.192308,5,26,26
C_SCOPE_UNAWARE_INDEPENDENT,0.80,DECISIVE_FIELD_MISSING,harm_detection_recall,0.000000,0,4,26
C_SCOPE_UNAWARE_INDEPENDENT,0.80,DECISIVE_FIELD_MISSING,partial_remediation_recall,0.666667,4,6,26
C_SCOPE_UNAWARE_INDEPENDENT,0.80,DECISIVE_FIELD_MISSING,accuracy,0.269231,7,26,26
C_SCOPE_UNAWARE_INDEPENDENT,0.80,DECISIVE_FIELD_MISSING,evidence_requests_per_case,0.000000,0,26,26
C_SCOPE_UNAWARE_INDEPENDENT,0.80,RANDOM_MISSING,false_assurance_rate,0.666667,4,6,26
C_SCOPE_UNAWARE_INDEPENDENT,0.80,RANDOM_MISSING,unsafe_escape_rate,0.181818,4,22,26
C_SCOPE_UNAWARE_INDEPENDENT,0.80,RANDOM_MISSING,verified_precision,0.333333,2,6,26
C_SCOPE_UNAWARE_INDEPENDENT,0.80,RANDOM_MISSING,verified_recall,1.000000,2,2,26
C_SCOPE_UNAWARE_INDEPENDENT,0.80,RANDOM_MISSING,abstention_rate,0.038462,1,26,26
C_SCOPE_UNAWARE_INDEPENDENT,0.80,RANDOM_MISSING,harm_detection_recall,1.000000,4,4,26
C_SCOPE_UNAWARE_INDEPENDENT,0.80,RANDOM_MISSING,partial_remediation_recall,0.833333,5,6,26
C_SCOPE_UNAWARE_INDEPENDENT,0.80,RANDOM_MISSING,accuracy,0.807692,21,26,26
C_SCOPE_UNAWARE_INDEPENDENT,0.80,RANDOM_MISSING,evidence_requests_per_case,0.000000,0,26,26
C_SCOPE_UNAWARE_INDEPENDENT,0.80,REGRESSION_EVIDENCE_MISSING,false_assurance_rate,0.666667,4,6,26
C_SCOPE_UNAWARE_INDEPENDENT,0.80,REGRESSION_EVIDENCE_MISSING,unsafe_escape_rate,0.090909,2,22,26
C_SCOPE_UNAWARE_INDEPENDENT,0.80,REGRESSION_EVIDENCE_MISSING,verified_precision,0.333333,2,6,26
C_SCOPE_UNAWARE_INDEPENDENT,0.80,REGRESSION_EVIDENCE_MISSING,verified_recall,1.000000,2,2,26
C_SCOPE_UNAWARE_INDEPENDENT,0.80,REGRESSION_EVIDENCE_MISSING,abstention_rate,0.038462,1,26,26
C_SCOPE_UNAWARE_INDEPENDENT,0.80,REGRESSION_EVIDENCE_MISSING,harm_detection_recall,0.000000,0,4,26
C_SCOPE_UNAWARE_INDEPENDENT,0.80,REGRESSION_EVIDENCE_MISSING,partial_remediation_recall,0.833333,5,6,26
C_SCOPE_UNAWARE_INDEPENDENT,0.80,REGRESSION_EVIDENCE_MISSING,accuracy,0.807692,21,26,26
C_SCOPE_UNAWARE_INDEPENDENT,0.80,REGRESSION_EVIDENCE_MISSING,evidence_requests_per_case,0.000000,0,26,26
C_SCOPE_UNAWARE_INDEPENDENT,0.80,SCOPE_MISMATCH,false_assurance_rate,0.882353,15,17,26
C_SCOPE_UNAWARE_INDEPENDENT,0.80,SCOPE_MISMATCH,unsafe_escape_rate,0.590909,13,22,26
C_SCOPE_UNAWARE_INDEPENDENT,0.80,SCOPE_MISMATCH,verified_precision,0.117647,2,17,26
C_SCOPE_UNAWARE_INDEPENDENT,0.80,SCOPE_MISMATCH,verified_recall,1.000000,2,2,26
C_SCOPE_UNAWARE_INDEPENDENT,0.80,SCOPE_MISMATCH,abstention_rate,0.115385,3,26,26
C_SCOPE_UNAWARE_INDEPENDENT,0.80,SCOPE_MISMATCH,harm_detection_recall,0.000000,0,4,26
C_SCOPE_UNAWARE_INDEPENDENT,0.80,SCOPE_MISMATCH,partial_remediation_recall,0.333333,2,6,26
C_SCOPE_UNAWARE_INDEPENDENT,0.80,SCOPE_MISMATCH,accuracy,0.230769,6,26,26
C_SCOPE_UNAWARE_INDEPENDENT,0.80,SCOPE_MISMATCH,evidence_requests_per_case,0.000000,0,26,26
C_SCOPE_UNAWARE_INDEPENDENT,0.80,STALE_EVIDENCE,false_assurance_rate,0.933333,14,15,26
C_SCOPE_UNAWARE_INDEPENDENT,0.80,STALE_EVIDENCE,unsafe_escape_rate,0.545455,12,22,26
C_SCOPE_UNAWARE_INDEPENDENT,0.80,STALE_EVIDENCE,verified_precision,0.066667,1,15,26
C_SCOPE_UNAWARE_INDEPENDENT,0.80,STALE_EVIDENCE,verified_recall,0.500000,1,2,26
C_SCOPE_UNAWARE_INDEPENDENT,0.80,STALE_EVIDENCE,abstention_rate,0.000000,0,26,26
C_SCOPE_UNAWARE_INDEPENDENT,0.80,STALE_EVIDENCE,harm_detection_recall,0.000000,0,4,26
C_SCOPE_UNAWARE_INDEPENDENT,0.80,STALE_EVIDENCE,partial_remediation_recall,0.666667,4,6,26
C_SCOPE_UNAWARE_INDEPENDENT,0.80,STALE_EVIDENCE,accuracy,0.346154,9,26,26
C_SCOPE_UNAWARE_INDEPENDENT,0.80,STALE_EVIDENCE,evidence_requests_per_case,0.000000,0,26,26
C_SCOPE_UNAWARE_INDEPENDENT,0.80,UNDECLARED_GAP,false_assurance_rate,0.875000,14,16,26
C_SCOPE_UNAWARE_INDEPENDENT,0.80,UNDECLARED_GAP,unsafe_escape_rate,0.545455,12,22,26
C_SCOPE_UNAWARE_INDEPENDENT,0.80,UNDECLARED_GAP,verified_precision,0.125000,2,16,26
C_SCOPE_UNAWARE_INDEPENDENT,0.80,UNDECLARED_GAP,verified_recall,1.000000,2,2,26
C_SCOPE_UNAWARE_INDEPENDENT,0.80,UNDECLARED_GAP,abstention_rate,0.076923,2,26,26
C_SCOPE_UNAWARE_INDEPENDENT,0.80,UNDECLARED_GAP,harm_detection_recall,0.000000,0,4,26
C_SCOPE_UNAWARE_INDEPENDENT,0.80,UNDECLARED_GAP,partial_remediation_recall,0.500000,3,6,26
C_SCOPE_UNAWARE_INDEPENDENT,0.80,UNDECLARED_GAP,accuracy,0.269231,7,26,26
C_SCOPE_UNAWARE_INDEPENDENT,0.80,UNDECLARED_GAP,evidence_requests_per_case,0.000000,0,26,26
C_SCOPE_UNAWARE_INDEPENDENT,0.60,CONTRADICTORY_EVIDENCE,false_assurance_rate,0.000000,0,2,26
C_SCOPE_UNAWARE_INDEPENDENT,0.60,CONTRADICTORY_EVIDENCE,unsafe_escape_rate,0.000000,0,22,26
C_SCOPE_UNAWARE_INDEPENDENT,0.60,CONTRADICTORY_EVIDENCE,verified_precision,1.000000,2,2,26
C_SCOPE_UNAWARE_INDEPENDENT,0.60,CONTRADICTORY_EVIDENCE,verified_recall,1.000000,2,2,26
C_SCOPE_UNAWARE_INDEPENDENT,0.60,CONTRADICTORY_EVIDENCE,abstention_rate,0.000000,0,26,26
C_SCOPE_UNAWARE_INDEPENDENT,0.60,CONTRADICTORY_EVIDENCE,harm_detection_recall,0.500000,2,4,26
C_SCOPE_UNAWARE_INDEPENDENT,0.60,CONTRADICTORY_EVIDENCE,partial_remediation_recall,0.500000,3,6,26
C_SCOPE_UNAWARE_INDEPENDENT,0.60,CONTRADICTORY_EVIDENCE,accuracy,0.807692,21,26,26
C_SCOPE_UNAWARE_INDEPENDENT,0.60,CONTRADICTORY_EVIDENCE,evidence_requests_per_case,0.000000,0,26,26
C_SCOPE_UNAWARE_INDEPENDENT,0.60,DECISIVE_FIELD_MISSING,false_assurance_rate,0.875000,14,16,26
C_SCOPE_UNAWARE_INDEPENDENT,0.60,DECISIVE_FIELD_MISSING,unsafe_escape_rate,0.545455,12,22,26
C_SCOPE_UNAWARE_INDEPENDENT,0.60,DECISIVE_FIELD_MISSING,verified_precision,0.125000,2,16,26
C_SCOPE_UNAWARE_INDEPENDENT,0.60,DECISIVE_FIELD_MISSING,verified_recall,1.000000,2,2,26
C_SCOPE_UNAWARE_INDEPENDENT,0.60,DECISIVE_FIELD_MISSING,abstention_rate,0.115385,3,26,26
C_SCOPE_UNAWARE_INDEPENDENT,0.60,DECISIVE_FIELD_MISSING,harm_detection_recall,0.000000,0,4,26
C_SCOPE_UNAWARE_INDEPENDENT,0.60,DECISIVE_FIELD_MISSING,partial_remediation_recall,0.500000,3,6,26
C_SCOPE_UNAWARE_INDEPENDENT,0.60,DECISIVE_FIELD_MISSING,accuracy,0.269231,7,26,26
C_SCOPE_UNAWARE_INDEPENDENT,0.60,DECISIVE_FIELD_MISSING,evidence_requests_per_case,0.000000,0,26,26
C_SCOPE_UNAWARE_INDEPENDENT,0.60,RANDOM_MISSING,false_assurance_rate,0.333333,1,3,26
C_SCOPE_UNAWARE_INDEPENDENT,0.60,RANDOM_MISSING,unsafe_escape_rate,0.000000,0,22,26
C_SCOPE_UNAWARE_INDEPENDENT,0.60,RANDOM_MISSING,verified_precision,0.666667,2,3,26
C_SCOPE_UNAWARE_INDEPENDENT,0.60,RANDOM_MISSING,verified_recall,1.000000,2,2,26
C_SCOPE_UNAWARE_INDEPENDENT,0.60,RANDOM_MISSING,abstention_rate,0.115385,3,26,26
C_SCOPE_UNAWARE_INDEPENDENT,0.60,RANDOM_MISSING,harm_detection_recall,0.500000,2,4,26
C_SCOPE_UNAWARE_INDEPENDENT,0.60,RANDOM_MISSING,partial_remediation_recall,0.666667,4,6,26
C_SCOPE_UNAWARE_INDEPENDENT,0.60,RANDOM_MISSING,accuracy,0.807692,21,26,26
C_SCOPE_UNAWARE_INDEPENDENT,0.60,RANDOM_MISSING,evidence_requests_per_case,0.000000,0,26,26
C_SCOPE_UNAWARE_INDEPENDENT,0.60,REGRESSION_EVIDENCE_MISSING,false_assurance_rate,0.600000,3,5,26
C_SCOPE_UNAWARE_INDEPENDENT,0.60,REGRESSION_EVIDENCE_MISSING,unsafe_escape_rate,0.045455,1,22,26
C_SCOPE_UNAWARE_INDEPENDENT,0.60,REGRESSION_EVIDENCE_MISSING,verified_precision,0.400000,2,5,26
C_SCOPE_UNAWARE_INDEPENDENT,0.60,REGRESSION_EVIDENCE_MISSING,verified_recall,1.000000,2,2,26
C_SCOPE_UNAWARE_INDEPENDENT,0.60,REGRESSION_EVIDENCE_MISSING,abstention_rate,0.076923,2,26,26
C_SCOPE_UNAWARE_INDEPENDENT,0.60,REGRESSION_EVIDENCE_MISSING,harm_detection_recall,0.000000,0,4,26
C_SCOPE_UNAWARE_INDEPENDENT,0.60,REGRESSION_EVIDENCE_MISSING,partial_remediation_recall,0.666667,4,6,26
C_SCOPE_UNAWARE_INDEPENDENT,0.60,REGRESSION_EVIDENCE_MISSING,accuracy,0.769231,20,26,26
C_SCOPE_UNAWARE_INDEPENDENT,0.60,REGRESSION_EVIDENCE_MISSING,evidence_requests_per_case,0.000000,0,26,26
C_SCOPE_UNAWARE_INDEPENDENT,0.60,SCOPE_MISMATCH,false_assurance_rate,0.818182,9,11,26
C_SCOPE_UNAWARE_INDEPENDENT,0.60,SCOPE_MISMATCH,unsafe_escape_rate,0.363636,8,22,26
C_SCOPE_UNAWARE_INDEPENDENT,0.60,SCOPE_MISMATCH,verified_precision,0.181818,2,11,26
C_SCOPE_UNAWARE_INDEPENDENT,0.60,SCOPE_MISMATCH,verified_recall,1.000000,2,2,26
C_SCOPE_UNAWARE_INDEPENDENT,0.60,SCOPE_MISMATCH,abstention_rate,0.307692,8,26,26
C_SCOPE_UNAWARE_INDEPENDENT,0.60,SCOPE_MISMATCH,harm_detection_recall,0.000000,0,4,26
C_SCOPE_UNAWARE_INDEPENDENT,0.60,SCOPE_MISMATCH,partial_remediation_recall,0.333333,2,6,26
C_SCOPE_UNAWARE_INDEPENDENT,0.60,SCOPE_MISMATCH,accuracy,0.230769,6,26,26
C_SCOPE_UNAWARE_INDEPENDENT,0.60,SCOPE_MISMATCH,evidence_requests_per_case,0.000000,0,26,26
C_SCOPE_UNAWARE_INDEPENDENT,0.60,STALE_EVIDENCE,false_assurance_rate,0.928571,13,14,26
C_SCOPE_UNAWARE_INDEPENDENT,0.60,STALE_EVIDENCE,unsafe_escape_rate,0.500000,11,22,26
C_SCOPE_UNAWARE_INDEPENDENT,0.60,STALE_EVIDENCE,verified_precision,0.071429,1,14,26
C_SCOPE_UNAWARE_INDEPENDENT,0.60,STALE_EVIDENCE,verified_recall,0.500000,1,2,26
C_SCOPE_UNAWARE_INDEPENDENT,0.60,STALE_EVIDENCE,abstention_rate,0.000000,0,26,26
C_SCOPE_UNAWARE_INDEPENDENT,0.60,STALE_EVIDENCE,harm_detection_recall,0.000000,0,4,26
C_SCOPE_UNAWARE_INDEPENDENT,0.60,STALE_EVIDENCE,partial_remediation_recall,0.500000,3,6,26
C_SCOPE_UNAWARE_INDEPENDENT,0.60,STALE_EVIDENCE,accuracy,0.346154,9,26,26
C_SCOPE_UNAWARE_INDEPENDENT,0.60,STALE_EVIDENCE,evidence_requests_per_case,0.000000,0,26,26
C_SCOPE_UNAWARE_INDEPENDENT,0.60,UNDECLARED_GAP,false_assurance_rate,0.846154,11,13,26
C_SCOPE_UNAWARE_INDEPENDENT,0.60,UNDECLARED_GAP,unsafe_escape_rate,0.409091,9,22,26
C_SCOPE_UNAWARE_INDEPENDENT,0.60,UNDECLARED_GAP,verified_precision,0.153846,2,13,26
C_SCOPE_UNAWARE_INDEPENDENT,0.60,UNDECLARED_GAP,verified_recall,1.000000,2,2,26
C_SCOPE_UNAWARE_INDEPENDENT,0.60,UNDECLARED_GAP,abstention_rate,0.230769,6,26,26
C_SCOPE_UNAWARE_INDEPENDENT,0.60,UNDECLARED_GAP,harm_detection_recall,0.000000,0,4,26
C_SCOPE_UNAWARE_INDEPENDENT,0.60,UNDECLARED_GAP,partial_remediation_recall,0.333333,2,6,26
C_SCOPE_UNAWARE_INDEPENDENT,0.60,UNDECLARED_GAP,accuracy,0.230769,6,26,26
C_SCOPE_UNAWARE_INDEPENDENT,0.60,UNDECLARED_GAP,evidence_requests_per_case,0.000000,0,26,26
C_SCOPE_UNAWARE_INDEPENDENT,0.40,CONTRADICTORY_EVIDENCE,false_assurance_rate,0.000000,0,2,26
C_SCOPE_UNAWARE_INDEPENDENT,0.40,CONTRADICTORY_EVIDENCE,unsafe_escape_rate,0.000000,0,22,26
C_SCOPE_UNAWARE_INDEPENDENT,0.40,CONTRADICTORY_EVIDENCE,verified_precision,1.000000,2,2,26
C_SCOPE_UNAWARE_INDEPENDENT,0.40,CONTRADICTORY_EVIDENCE,verified_recall,1.000000,2,2,26
C_SCOPE_UNAWARE_INDEPENDENT,0.40,CONTRADICTORY_EVIDENCE,abstention_rate,0.000000,0,26,26
C_SCOPE_UNAWARE_INDEPENDENT,0.40,CONTRADICTORY_EVIDENCE,harm_detection_recall,0.250000,1,4,26
C_SCOPE_UNAWARE_INDEPENDENT,0.40,CONTRADICTORY_EVIDENCE,partial_remediation_recall,0.666667,4,6,26
C_SCOPE_UNAWARE_INDEPENDENT,0.40,CONTRADICTORY_EVIDENCE,accuracy,0.807692,21,26,26
C_SCOPE_UNAWARE_INDEPENDENT,0.40,CONTRADICTORY_EVIDENCE,evidence_requests_per_case,0.000000,0,26,26
C_SCOPE_UNAWARE_INDEPENDENT,0.40,DECISIVE_FIELD_MISSING,false_assurance_rate,1.000000,9,9,26
C_SCOPE_UNAWARE_INDEPENDENT,0.40,DECISIVE_FIELD_MISSING,unsafe_escape_rate,0.363636,8,22,26
C_SCOPE_UNAWARE_INDEPENDENT,0.40,DECISIVE_FIELD_MISSING,verified_precision,0.000000,0,9,26
C_SCOPE_UNAWARE_INDEPENDENT,0.40,DECISIVE_FIELD_MISSING,verified_recall,0.000000,0,2,26
C_SCOPE_UNAWARE_INDEPENDENT,0.40,DECISIVE_FIELD_MISSING,abstention_rate,0.500000,13,26,26
C_SCOPE_UNAWARE_INDEPENDENT,0.40,DECISIVE_FIELD_MISSING,harm_detection_recall,0.000000,0,4,26
C_SCOPE_UNAWARE_INDEPENDENT,0.40,DECISIVE_FIELD_MISSING,partial_remediation_recall,0.166667,1,6,26
C_SCOPE_UNAWARE_INDEPENDENT,0.40,DECISIVE_FIELD_MISSING,accuracy,0.115385,3,26,26
C_SCOPE_UNAWARE_INDEPENDENT,0.40,DECISIVE_FIELD_MISSING,evidence_requests_per_case,0.000000,0,26,26
C_SCOPE_UNAWARE_INDEPENDENT,0.40,RANDOM_MISSING,false_assurance_rate,0.714286,5,7,26
C_SCOPE_UNAWARE_INDEPENDENT,0.40,RANDOM_MISSING,unsafe_escape_rate,0.181818,4,22,26
C_SCOPE_UNAWARE_INDEPENDENT,0.40,RANDOM_MISSING,verified_precision,0.285714,2,7,26
C_SCOPE_UNAWARE_INDEPENDENT,0.40,RANDOM_MISSING,verified_recall,1.000000,2,2,26
C_SCOPE_UNAWARE_INDEPENDENT,0.40,RANDOM_MISSING,abstention_rate,0.230769,6,26,26
C_SCOPE_UNAWARE_INDEPENDENT,0.40,RANDOM_MISSING,harm_detection_recall,0.500000,2,4,26
C_SCOPE_UNAWARE_INDEPENDENT,0.40,RANDOM_MISSING,partial_remediation_recall,0.333333,2,6,26
C_SCOPE_UNAWARE_INDEPENDENT,0.40,RANDOM_MISSING,accuracy,0.461538,12,26,26
C_SCOPE_UNAWARE_INDEPENDENT,0.40,RANDOM_MISSING,evidence_requests_per_case,0.000000,0,26,26
C_SCOPE_UNAWARE_INDEPENDENT,0.40,REGRESSION_EVIDENCE_MISSING,false_assurance_rate,0.333333,1,3,26
C_SCOPE_UNAWARE_INDEPENDENT,0.40,REGRESSION_EVIDENCE_MISSING,unsafe_escape_rate,0.045455,1,22,26
C_SCOPE_UNAWARE_INDEPENDENT,0.40,REGRESSION_EVIDENCE_MISSING,verified_precision,0.666667,2,3,26
C_SCOPE_UNAWARE_INDEPENDENT,0.40,REGRESSION_EVIDENCE_MISSING,verified_recall,1.000000,2,2,26
C_SCOPE_UNAWARE_INDEPENDENT,0.40,REGRESSION_EVIDENCE_MISSING,abstention_rate,0.153846,4,26,26
C_SCOPE_UNAWARE_INDEPENDENT,0.40,REGRESSION_EVIDENCE_MISSING,harm_detection_recall,0.000000,0,4,26
C_SCOPE_UNAWARE_INDEPENDENT,0.40,REGRESSION_EVIDENCE_MISSING,partial_remediation_recall,0.666667,4,6,26
C_SCOPE_UNAWARE_INDEPENDENT,0.40,REGRESSION_EVIDENCE_MISSING,accuracy,0.769231,20,26,26
C_SCOPE_UNAWARE_INDEPENDENT,0.40,REGRESSION_EVIDENCE_MISSING,evidence_requests_per_case,0.000000,0,26,26
C_SCOPE_UNAWARE_INDEPENDENT,0.40,SCOPE_MISMATCH,false_assurance_rate,0.900000,9,10,26
C_SCOPE_UNAWARE_INDEPENDENT,0.40,SCOPE_MISMATCH,unsafe_escape_rate,0.318182,7,22,26
C_SCOPE_UNAWARE_INDEPENDENT,0.40,SCOPE_MISMATCH,verified_precision,0.100000,1,10,26
C_SCOPE_UNAWARE_INDEPENDENT,0.40,SCOPE_MISMATCH,verified_recall,0.500000,1,2,26
C_SCOPE_UNAWARE_INDEPENDENT,0.40,SCOPE_MISMATCH,abstention_rate,0.384615,10,26,26
C_SCOPE_UNAWARE_INDEPENDENT,0.40,SCOPE_MISMATCH,harm_detection_recall,0.000000,0,4,26
C_SCOPE_UNAWARE_INDEPENDENT,0.40,SCOPE_MISMATCH,partial_remediation_recall,0.333333,2,6,26
C_SCOPE_UNAWARE_INDEPENDENT,0.40,SCOPE_MISMATCH,accuracy,0.153846,4,26,26
C_SCOPE_UNAWARE_INDEPENDENT,0.40,SCOPE_MISMATCH,evidence_requests_per_case,0.000000,0,26,26
C_SCOPE_UNAWARE_INDEPENDENT,0.40,STALE_EVIDENCE,false_assurance_rate,0.777778,7,9,26
C_SCOPE_UNAWARE_INDEPENDENT,0.40,STALE_EVIDENCE,unsafe_escape_rate,0.318182,7,22,26
C_SCOPE_UNAWARE_INDEPENDENT,0.40,STALE_EVIDENCE,verified_precision,0.222222,2,9,26
C_SCOPE_UNAWARE_INDEPENDENT,0.40,STALE_EVIDENCE,verified_recall,1.000000,2,2,26
C_SCOPE_UNAWARE_INDEPENDENT,0.40,STALE_EVIDENCE,abstention_rate,0.000000,0,26,26
C_SCOPE_UNAWARE_INDEPENDENT,0.40,STALE_EVIDENCE,harm_detection_recall,0.000000,0,4,26
C_SCOPE_UNAWARE_INDEPENDENT,0.40,STALE_EVIDENCE,partial_remediation_recall,0.333333,2,6,26
C_SCOPE_UNAWARE_INDEPENDENT,0.40,STALE_EVIDENCE,accuracy,0.461538,12,26,26
C_SCOPE_UNAWARE_INDEPENDENT,0.40,STALE_EVIDENCE,evidence_requests_per_case,0.000000,0,26,26
C_SCOPE_UNAWARE_INDEPENDENT,0.40,UNDECLARED_GAP,false_assurance_rate,0.909091,10,11,26
C_SCOPE_UNAWARE_INDEPENDENT,0.40,UNDECLARED_GAP,unsafe_escape_rate,0.363636,8,22,26
C_SCOPE_UNAWARE_INDEPENDENT,0.40,UNDECLARED_GAP,verified_precision,0.090909,1,11,26
C_SCOPE_UNAWARE_INDEPENDENT,0.40,UNDECLARED_GAP,verified_recall,0.500000,1,2,26
C_SCOPE_UNAWARE_INDEPENDENT,0.40,UNDECLARED_GAP,abstention_rate,0.384615,10,26,26
C_SCOPE_UNAWARE_INDEPENDENT,0.40,UNDECLARED_GAP,harm_detection_recall,0.000000,0,4,26
C_SCOPE_UNAWARE_INDEPENDENT,0.40,UNDECLARED_GAP,partial_remediation_recall,0.333333,2,6,26
C_SCOPE_UNAWARE_INDEPENDENT,0.40,UNDECLARED_GAP,accuracy,0.192308,5,26,26
C_SCOPE_UNAWARE_INDEPENDENT,0.40,UNDECLARED_GAP,evidence_requests_per_case,0.000000,0,26,26
D_SCOPE_AWARE_FAIL_CLOSED,1.00,NONE,false_assurance_rate,0.000000,0,2,26
D_SCOPE_AWARE_FAIL_CLOSED,1.00,NONE,unsafe_escape_rate,0.000000,0,22,26
D_SCOPE_AWARE_FAIL_CLOSED,1.00,NONE,verified_precision,1.000000,2,2,26
D_SCOPE_AWARE_FAIL_CLOSED,1.00,NONE,verified_recall,1.000000,2,2,26
D_SCOPE_AWARE_FAIL_CLOSED,1.00,NONE,abstention_rate,0.000000,0,26,26
D_SCOPE_AWARE_FAIL_CLOSED,1.00,NONE,harm_detection_recall,1.000000,4,4,26
D_SCOPE_AWARE_FAIL_CLOSED,1.00,NONE,partial_remediation_recall,1.000000,6,6,26
D_SCOPE_AWARE_FAIL_CLOSED,1.00,NONE,accuracy,1.000000,26,26,26
D_SCOPE_AWARE_FAIL_CLOSED,1.00,NONE,evidence_requests_per_case,0.000000,0,26,26
D_SCOPE_AWARE_FAIL_CLOSED,0.90,CONTRADICTORY_EVIDENCE,false_assurance_rate,,0,0,26
D_SCOPE_AWARE_FAIL_CLOSED,0.90,CONTRADICTORY_EVIDENCE,unsafe_escape_rate,0.000000,0,22,26
D_SCOPE_AWARE_FAIL_CLOSED,0.90,CONTRADICTORY_EVIDENCE,verified_precision,,0,0,26
D_SCOPE_AWARE_FAIL_CLOSED,0.90,CONTRADICTORY_EVIDENCE,verified_recall,0.000000,0,2,26
D_SCOPE_AWARE_FAIL_CLOSED,0.90,CONTRADICTORY_EVIDENCE,abstention_rate,0.769231,20,26,26
D_SCOPE_AWARE_FAIL_CLOSED,0.90,CONTRADICTORY_EVIDENCE,harm_detection_recall,1.000000,4,4,26
D_SCOPE_AWARE_FAIL_CLOSED,0.90,CONTRADICTORY_EVIDENCE,partial_remediation_recall,0.333333,2,6,26
D_SCOPE_AWARE_FAIL_CLOSED,0.90,CONTRADICTORY_EVIDENCE,accuracy,0.230769,6,26,26
D_SCOPE_AWARE_FAIL_CLOSED,0.90,CONTRADICTORY_EVIDENCE,evidence_requests_per_case,0.000000,0,26,26
D_SCOPE_AWARE_FAIL_CLOSED,0.90,DECISIVE_FIELD_MISSING,false_assurance_rate,,0,0,26
D_SCOPE_AWARE_FAIL_CLOSED,0.90,DECISIVE_FIELD_MISSING,unsafe_escape_rate,0.000000,0,22,26
D_SCOPE_AWARE_FAIL_CLOSED,0.90,DECISIVE_FIELD_MISSING,verified_precision,,0,0,26
D_SCOPE_AWARE_FAIL_CLOSED,0.90,DECISIVE_FIELD_MISSING,verified_recall,0.000000,0,2,26
D_SCOPE_AWARE_FAIL_CLOSED,0.90,DECISIVE_FIELD_MISSING,abstention_rate,0.923077,24,26,26
D_SCOPE_AWARE_FAIL_CLOSED,0.90,DECISIVE_FIELD_MISSING,harm_detection_recall,0.000000,0,4,26
D_SCOPE_AWARE_FAIL_CLOSED,0.90,DECISIVE_FIELD_MISSING,partial_remediation_recall,0.333333,2,6,26
D_SCOPE_AWARE_FAIL_CLOSED,0.90,DECISIVE_FIELD_MISSING,accuracy,0.076923,2,26,26
D_SCOPE_AWARE_FAIL_CLOSED,0.90,DECISIVE_FIELD_MISSING,evidence_requests_per_case,0.000000,0,26,26
D_SCOPE_AWARE_FAIL_CLOSED,0.90,RANDOM_MISSING,false_assurance_rate,0.000000,0,1,26
D_SCOPE_AWARE_FAIL_CLOSED,0.90,RANDOM_MISSING,unsafe_escape_rate,0.000000,0,22,26
D_SCOPE_AWARE_FAIL_CLOSED,0.90,RANDOM_MISSING,verified_precision,1.000000,1,1,26
D_SCOPE_AWARE_FAIL_CLOSED,0.90,RANDOM_MISSING,verified_recall,0.500000,1,2,26
D_SCOPE_AWARE_FAIL_CLOSED,0.90,RANDOM_MISSING,abstention_rate,0.076923,2,26,26
D_SCOPE_AWARE_FAIL_CLOSED,0.90,RANDOM_MISSING,harm_detection_recall,0.750000,3,4,26
D_SCOPE_AWARE_FAIL_CLOSED,0.90,RANDOM_MISSING,partial_remediation_recall,1.000000,6,6,26
D_SCOPE_AWARE_FAIL_CLOSED,0.90,RANDOM_MISSING,accuracy,0.923077,24,26,26
D_SCOPE_AWARE_FAIL_CLOSED,0.90,RANDOM_MISSING,evidence_requests_per_case,0.000000,0,26,26
D_SCOPE_AWARE_FAIL_CLOSED,0.90,REGRESSION_EVIDENCE_MISSING,false_assurance_rate,,0,0,26
D_SCOPE_AWARE_FAIL_CLOSED,0.90,REGRESSION_EVIDENCE_MISSING,unsafe_escape_rate,0.000000,0,22,26
D_SCOPE_AWARE_FAIL_CLOSED,0.90,REGRESSION_EVIDENCE_MISSING,verified_precision,,0,0,26
D_SCOPE_AWARE_FAIL_CLOSED,0.90,REGRESSION_EVIDENCE_MISSING,verified_recall,0.000000,0,2,26
D_SCOPE_AWARE_FAIL_CLOSED,0.90,REGRESSION_EVIDENCE_MISSING,abstention_rate,0.230769,6,26,26
D_SCOPE_AWARE_FAIL_CLOSED,0.90,REGRESSION_EVIDENCE_MISSING,harm_detection_recall,0.000000,0,4,26
D_SCOPE_AWARE_FAIL_CLOSED,0.90,REGRESSION_EVIDENCE_MISSING,partial_remediation_recall,1.000000,6,6,26
D_SCOPE_AWARE_FAIL_CLOSED,0.90,REGRESSION_EVIDENCE_MISSING,accuracy,0.769231,20,26,26
D_SCOPE_AWARE_FAIL_CLOSED,0.90,REGRESSION_EVIDENCE_MISSING,evidence_requests_per_case,0.000000,0,26,26
D_SCOPE_AWARE_FAIL_CLOSED,0.90,SCOPE_MISMATCH,false_assurance_rate,,0,0,26
D_SCOPE_AWARE_FAIL_CLOSED,0.90,SCOPE_MISMATCH,unsafe_escape_rate,0.000000,0,22,26
D_SCOPE_AWARE_FAIL_CLOSED,0.90,SCOPE_MISMATCH,verified_precision,,0,0,26
D_SCOPE_AWARE_FAIL_CLOSED,0.90,SCOPE_MISMATCH,verified_recall,0.000000,0,2,26
D_SCOPE_AWARE_FAIL_CLOSED,0.90,SCOPE_MISMATCH,abstention_rate,0.923077,24,26,26
D_SCOPE_AWARE_FAIL_CLOSED,0.90,SCOPE_MISMATCH,harm_detection_recall,0.000000,0,4,26
D_SCOPE_AWARE_FAIL_CLOSED,0.90,SCOPE_MISMATCH,partial_remediation_recall,0.333333,2,6,26
D_SCOPE_AWARE_FAIL_CLOSED,0.90,SCOPE_MISMATCH,accuracy,0.076923,2,26,26
D_SCOPE_AWARE_FAIL_CLOSED,0.90,SCOPE_MISMATCH,evidence_requests_per_case,0.000000,0,26,26
D_SCOPE_AWARE_FAIL_CLOSED,0.90,STALE_EVIDENCE,false_assurance_rate,,0,0,26
D_SCOPE_AWARE_FAIL_CLOSED,0.90,STALE_EVIDENCE,unsafe_escape_rate,0.000000,0,22,26
D_SCOPE_AWARE_FAIL_CLOSED,0.90,STALE_EVIDENCE,verified_precision,,0,0,26
D_SCOPE_AWARE_FAIL_CLOSED,0.90,STALE_EVIDENCE,verified_recall,0.000000,0,2,26
D_SCOPE_AWARE_FAIL_CLOSED,0.90,STALE_EVIDENCE,abstention_rate,0.923077,24,26,26
D_SCOPE_AWARE_FAIL_CLOSED,0.90,STALE_EVIDENCE,harm_detection_recall,0.000000,0,4,26
D_SCOPE_AWARE_FAIL_CLOSED,0.90,STALE_EVIDENCE,partial_remediation_recall,0.333333,2,6,26
D_SCOPE_AWARE_FAIL_CLOSED,0.90,STALE_EVIDENCE,accuracy,0.076923,2,26,26
D_SCOPE_AWARE_FAIL_CLOSED,0.90,STALE_EVIDENCE,evidence_requests_per_case,0.000000,0,26,26
D_SCOPE_AWARE_FAIL_CLOSED,0.90,UNDECLARED_GAP,false_assurance_rate,0.846154,11,13,26
D_SCOPE_AWARE_FAIL_CLOSED,0.90,UNDECLARED_GAP,unsafe_escape_rate,0.500000,11,22,26
D_SCOPE_AWARE_FAIL_CLOSED,0.90,UNDECLARED_GAP,verified_precision,0.153846,2,13,26
D_SCOPE_AWARE_FAIL_CLOSED,0.90,UNDECLARED_GAP,verified_recall,1.000000,2,2,26
D_SCOPE_AWARE_FAIL_CLOSED,0.90,UNDECLARED_GAP,abstention_rate,0.192308,5,26,26
D_SCOPE_AWARE_FAIL_CLOSED,0.90,UNDECLARED_GAP,harm_detection_recall,0.000000,0,4,26
D_SCOPE_AWARE_FAIL_CLOSED,0.90,UNDECLARED_GAP,partial_remediation_recall,0.666667,4,6,26
D_SCOPE_AWARE_FAIL_CLOSED,0.90,UNDECLARED_GAP,accuracy,0.307692,8,26,26
D_SCOPE_AWARE_FAIL_CLOSED,0.90,UNDECLARED_GAP,evidence_requests_per_case,0.000000,0,26,26
D_SCOPE_AWARE_FAIL_CLOSED,0.80,CONTRADICTORY_EVIDENCE,false_assurance_rate,,0,0,26
D_SCOPE_AWARE_FAIL_CLOSED,0.80,CONTRADICTORY_EVIDENCE,unsafe_escape_rate,0.000000,0,22,26
D_SCOPE_AWARE_FAIL_CLOSED,0.80,CONTRADICTORY_EVIDENCE,verified_precision,,0,0,26
D_SCOPE_AWARE_FAIL_CLOSED,0.80,CONTRADICTORY_EVIDENCE,verified_recall,0.000000,0,2,26
D_SCOPE_AWARE_FAIL_CLOSED,0.80,CONTRADICTORY_EVIDENCE,abstention_rate,0.807692,21,26,26
D_SCOPE_AWARE_FAIL_CLOSED,0.80,CONTRADICTORY_EVIDENCE,harm_detection_recall,0.750000,3,4,26
D_SCOPE_AWARE_FAIL_CLOSED,0.80,CONTRADICTORY_EVIDENCE,partial_remediation_recall,0.333333,2,6,26
D_SCOPE_AWARE_FAIL_CLOSED,0.80,CONTRADICTORY_EVIDENCE,accuracy,0.192308,5,26,26
D_SCOPE_AWARE_FAIL_CLOSED,0.80,CONTRADICTORY_EVIDENCE,evidence_requests_per_case,0.000000,0,26,26
D_SCOPE_AWARE_FAIL_CLOSED,0.80,DECISIVE_FIELD_MISSING,false_assurance_rate,,0,0,26
D_SCOPE_AWARE_FAIL_CLOSED,0.80,DECISIVE_FIELD_MISSING,unsafe_escape_rate,0.000000,0,22,26
D_SCOPE_AWARE_FAIL_CLOSED,0.80,DECISIVE_FIELD_MISSING,verified_precision,,0,0,26
D_SCOPE_AWARE_FAIL_CLOSED,0.80,DECISIVE_FIELD_MISSING,verified_recall,0.000000,0,2,26
D_SCOPE_AWARE_FAIL_CLOSED,0.80,DECISIVE_FIELD_MISSING,abstention_rate,0.923077,24,26,26
D_SCOPE_AWARE_FAIL_CLOSED,0.80,DECISIVE_FIELD_MISSING,harm_detection_recall,0.000000,0,4,26
D_SCOPE_AWARE_FAIL_CLOSED,0.80,DECISIVE_FIELD_MISSING,partial_remediation_recall,0.333333,2,6,26
D_SCOPE_AWARE_FAIL_CLOSED,0.80,DECISIVE_FIELD_MISSING,accuracy,0.076923,2,26,26
D_SCOPE_AWARE_FAIL_CLOSED,0.80,DECISIVE_FIELD_MISSING,evidence_requests_per_case,0.000000,0,26,26
D_SCOPE_AWARE_FAIL_CLOSED,0.80,RANDOM_MISSING,false_assurance_rate,,0,0,26
D_SCOPE_AWARE_FAIL_CLOSED,0.80,RANDOM_MISSING,unsafe_escape_rate,0.000000,0,22,26
D_SCOPE_AWARE_FAIL_CLOSED,0.80,RANDOM_MISSING,verified_precision,,0,0,26
D_SCOPE_AWARE_FAIL_CLOSED,0.80,RANDOM_MISSING,verified_recall,0.000000,0,2,26
D_SCOPE_AWARE_FAIL_CLOSED,0.80,RANDOM_MISSING,abstention_rate,0.461538,12,26,26
D_SCOPE_AWARE_FAIL_CLOSED,0.80,RANDOM_MISSING,harm_detection_recall,0.500000,2,4,26
D_SCOPE_AWARE_FAIL_CLOSED,0.80,RANDOM_MISSING,partial_remediation_recall,1.000000,6,6,26
D_SCOPE_AWARE_FAIL_CLOSED,0.80,RANDOM_MISSING,accuracy,0.538462,14,26,26
D_SCOPE_AWARE_FAIL_CLOSED,0.80,RANDOM_MISSING,evidence_requests_per_case,0.000000,0,26,26
D_SCOPE_AWARE_FAIL_CLOSED,0.80,REGRESSION_EVIDENCE_MISSING,false_assurance_rate,,0,0,26
D_SCOPE_AWARE_FAIL_CLOSED,0.80,REGRESSION_EVIDENCE_MISSING,unsafe_escape_rate,0.000000,0,22,26
D_SCOPE_AWARE_FAIL_CLOSED,0.80,REGRESSION_EVIDENCE_MISSING,verified_precision,,0,0,26
D_SCOPE_AWARE_FAIL_CLOSED,0.80,REGRESSION_EVIDENCE_MISSING,verified_recall,0.000000,0,2,26
D_SCOPE_AWARE_FAIL_CLOSED,0.80,REGRESSION_EVIDENCE_MISSING,abstention_rate,0.230769,6,26,26
D_SCOPE_AWARE_FAIL_CLOSED,0.80,REGRESSION_EVIDENCE_MISSING,harm_detection_recall,0.000000,0,4,26
D_SCOPE_AWARE_FAIL_CLOSED,0.80,REGRESSION_EVIDENCE_MISSING,partial_remediation_recall,1.000000,6,6,26
D_SCOPE_AWARE_FAIL_CLOSED,0.80,REGRESSION_EVIDENCE_MISSING,accuracy,0.769231,20,26,26
D_SCOPE_AWARE_FAIL_CLOSED,0.80,REGRESSION_EVIDENCE_MISSING,evidence_requests_per_case,0.000000,0,26,26
D_SCOPE_AWARE_FAIL_CLOSED,0.80,SCOPE_MISMATCH,false_assurance_rate,,0,0,26
D_SCOPE_AWARE_FAIL_CLOSED,0.80,SCOPE_MISMATCH,unsafe_escape_rate,0.000000,0,22,26
D_SCOPE_AWARE_FAIL_CLOSED,0.80,SCOPE_MISMATCH,verified_precision,,0,0,26
D_SCOPE_AWARE_FAIL_CLOSED,0.80,SCOPE_MISMATCH,verified_recall,0.000000,0,2,26
D_SCOPE_AWARE_FAIL_CLOSED,0.80,SCOPE_MISMATCH,abstention_rate,0.923077,24,26,26
D_SCOPE_AWARE_FAIL_CLOSED,0.80,SCOPE_MISMATCH,harm_detection_recall,0.000000,0,4,26
D_SCOPE_AWARE_FAIL_CLOSED,0.80,SCOPE_MISMATCH,partial_remediation_recall,0.333333,2,6,26
D_SCOPE_AWARE_FAIL_CLOSED,0.80,SCOPE_MISMATCH,accuracy,0.076923,2,26,26
D_SCOPE_AWARE_FAIL_CLOSED,0.80,SCOPE_MISMATCH,evidence_requests_per_case,0.000000,0,26,26
D_SCOPE_AWARE_FAIL_CLOSED,0.80,STALE_EVIDENCE,false_assurance_rate,,0,0,26
D_SCOPE_AWARE_FAIL_CLOSED,0.80,STALE_EVIDENCE,unsafe_escape_rate,0.000000,0,22,26
D_SCOPE_AWARE_FAIL_CLOSED,0.80,STALE_EVIDENCE,verified_precision,,0,0,26
D_SCOPE_AWARE_FAIL_CLOSED,0.80,STALE_EVIDENCE,verified_recall,0.000000,0,2,26
D_SCOPE_AWARE_FAIL_CLOSED,0.80,STALE_EVIDENCE,abstention_rate,0.923077,24,26,26
D_SCOPE_AWARE_FAIL_CLOSED,0.80,STALE_EVIDENCE,harm_detection_recall,0.000000,0,4,26
D_SCOPE_AWARE_FAIL_CLOSED,0.80,STALE_EVIDENCE,partial_remediation_recall,0.333333,2,6,26
D_SCOPE_AWARE_FAIL_CLOSED,0.80,STALE_EVIDENCE,accuracy,0.076923,2,26,26
D_SCOPE_AWARE_FAIL_CLOSED,0.80,STALE_EVIDENCE,evidence_requests_per_case,0.000000,0,26,26
D_SCOPE_AWARE_FAIL_CLOSED,0.80,UNDECLARED_GAP,false_assurance_rate,0.857143,6,7,26
D_SCOPE_AWARE_FAIL_CLOSED,0.80,UNDECLARED_GAP,unsafe_escape_rate,0.272727,6,22,26
D_SCOPE_AWARE_FAIL_CLOSED,0.80,UNDECLARED_GAP,verified_precision,0.142857,1,7,26
D_SCOPE_AWARE_FAIL_CLOSED,0.80,UNDECLARED_GAP,verified_recall,0.500000,1,2,26
D_SCOPE_AWARE_FAIL_CLOSED,0.80,UNDECLARED_GAP,abstention_rate,0.384615,10,26,26
D_SCOPE_AWARE_FAIL_CLOSED,0.80,UNDECLARED_GAP,harm_detection_recall,0.000000,0,4,26
D_SCOPE_AWARE_FAIL_CLOSED,0.80,UNDECLARED_GAP,partial_remediation_recall,0.666667,4,6,26
D_SCOPE_AWARE_FAIL_CLOSED,0.80,UNDECLARED_GAP,accuracy,0.269231,7,26,26
D_SCOPE_AWARE_FAIL_CLOSED,0.80,UNDECLARED_GAP,evidence_requests_per_case,0.000000,0,26,26
D_SCOPE_AWARE_FAIL_CLOSED,0.60,CONTRADICTORY_EVIDENCE,false_assurance_rate,,0,0,26
D_SCOPE_AWARE_FAIL_CLOSED,0.60,CONTRADICTORY_EVIDENCE,unsafe_escape_rate,0.000000,0,22,26
D_SCOPE_AWARE_FAIL_CLOSED,0.60,CONTRADICTORY_EVIDENCE,verified_precision,,0,0,26
D_SCOPE_AWARE_FAIL_CLOSED,0.60,CONTRADICTORY_EVIDENCE,verified_recall,0.000000,0,2,26
D_SCOPE_AWARE_FAIL_CLOSED,0.60,CONTRADICTORY_EVIDENCE,abstention_rate,0.884615,23,26,26
D_SCOPE_AWARE_FAIL_CLOSED,0.60,CONTRADICTORY_EVIDENCE,harm_detection_recall,0.750000,3,4,26
D_SCOPE_AWARE_FAIL_CLOSED,0.60,CONTRADICTORY_EVIDENCE,partial_remediation_recall,0.000000,0,6,26
D_SCOPE_AWARE_FAIL_CLOSED,0.60,CONTRADICTORY_EVIDENCE,accuracy,0.115385,3,26,26
D_SCOPE_AWARE_FAIL_CLOSED,0.60,CONTRADICTORY_EVIDENCE,evidence_requests_per_case,0.000000,0,26,26
D_SCOPE_AWARE_FAIL_CLOSED,0.60,DECISIVE_FIELD_MISSING,false_assurance_rate,,0,0,26
D_SCOPE_AWARE_FAIL_CLOSED,0.60,DECISIVE_FIELD_MISSING,unsafe_escape_rate,0.000000,0,22,26
D_SCOPE_AWARE_FAIL_CLOSED,0.60,DECISIVE_FIELD_MISSING,verified_precision,,0,0,26
D_SCOPE_AWARE_FAIL_CLOSED,0.60,DECISIVE_FIELD_MISSING,verified_recall,0.000000,0,2,26
D_SCOPE_AWARE_FAIL_CLOSED,0.60,DECISIVE_FIELD_MISSING,abstention_rate,0.961538,25,26,26
D_SCOPE_AWARE_FAIL_CLOSED,0.60,DECISIVE_FIELD_MISSING,harm_detection_recall,0.000000,0,4,26
D_SCOPE_AWARE_FAIL_CLOSED,0.60,DECISIVE_FIELD_MISSING,partial_remediation_recall,0.166667,1,6,26
D_SCOPE_AWARE_FAIL_CLOSED,0.60,DECISIVE_FIELD_MISSING,accuracy,0.038462,1,26,26
D_SCOPE_AWARE_FAIL_CLOSED,0.60,DECISIVE_FIELD_MISSING,evidence_requests_per_case,0.000000,0,26,26
D_SCOPE_AWARE_FAIL_CLOSED,0.60,RANDOM_MISSING,false_assurance_rate,,0,0,26
D_SCOPE_AWARE_FAIL_CLOSED,0.60,RANDOM_MISSING,unsafe_escape_rate,0.000000,0,22,26
D_SCOPE_AWARE_FAIL_CLOSED,0.60,RANDOM_MISSING,verified_precision,,0,0,26
D_SCOPE_AWARE_FAIL_CLOSED,0.60,RANDOM_MISSING,verified_recall,0.000000,0,2,26
D_SCOPE_AWARE_FAIL_CLOSED,0.60,RANDOM_MISSING,abstention_rate,0.576923,15,26,26
D_SCOPE_AWARE_FAIL_CLOSED,0.60,RANDOM_MISSING,harm_detection_recall,0.000000,0,4,26
D_SCOPE_AWARE_FAIL_CLOSED,0.60,RANDOM_MISSING,partial_remediation_recall,0.666667,4,6,26
D_SCOPE_AWARE_FAIL_CLOSED,0.60,RANDOM_MISSING,accuracy,0.423077,11,26,26
D_SCOPE_AWARE_FAIL_CLOSED,0.60,RANDOM_MISSING,evidence_requests_per_case,0.000000,0,26,26
D_SCOPE_AWARE_FAIL_CLOSED,0.60,REGRESSION_EVIDENCE_MISSING,false_assurance_rate,,0,0,26
D_SCOPE_AWARE_FAIL_CLOSED,0.60,REGRESSION_EVIDENCE_MISSING,unsafe_escape_rate,0.000000,0,22,26
D_SCOPE_AWARE_FAIL_CLOSED,0.60,REGRESSION_EVIDENCE_MISSING,verified_precision,,0,0,26
D_SCOPE_AWARE_FAIL_CLOSED,0.60,REGRESSION_EVIDENCE_MISSING,verified_recall,0.000000,0,2,26
D_SCOPE_AWARE_FAIL_CLOSED,0.60,REGRESSION_EVIDENCE_MISSING,abstention_rate,0.461538,12,26,26
D_SCOPE_AWARE_FAIL_CLOSED,0.60,REGRESSION_EVIDENCE_MISSING,harm_detection_recall,0.000000,0,4,26
D_SCOPE_AWARE_FAIL_CLOSED,0.60,REGRESSION_EVIDENCE_MISSING,partial_remediation_recall,1.000000,6,6,26
D_SCOPE_AWARE_FAIL_CLOSED,0.60,REGRESSION_EVIDENCE_MISSING,accuracy,0.538462,14,26,26
D_SCOPE_AWARE_FAIL_CLOSED,0.60,REGRESSION_EVIDENCE_MISSING,evidence_requests_per_case,0.000000,0,26,26
D_SCOPE_AWARE_FAIL_CLOSED,0.60,SCOPE_MISMATCH,false_assurance_rate,,0,0,26
D_SCOPE_AWARE_FAIL_CLOSED,0.60,SCOPE_MISMATCH,unsafe_escape_rate,0.000000,0,22,26
D_SCOPE_AWARE_FAIL_CLOSED,0.60,SCOPE_MISMATCH,verified_precision,,0,0,26
D_SCOPE_AWARE_FAIL_CLOSED,0.60,SCOPE_MISMATCH,verified_recall,0.000000,0,2,26
D_SCOPE_AWARE_FAIL_CLOSED,0.60,SCOPE_MISMATCH,abstention_rate,1.000000,26,26,26
D_SCOPE_AWARE_FAIL_CLOSED,0.60,SCOPE_MISMATCH,harm_detection_recall,0.000000,0,4,26
D_SCOPE_AWARE_FAIL_CLOSED,0.60,SCOPE_MISMATCH,partial_remediation_recall,0.000000,0,6,26
D_SCOPE_AWARE_FAIL_CLOSED,0.60,SCOPE_MISMATCH,accuracy,0.000000,0,26,26
D_SCOPE_AWARE_FAIL_CLOSED,0.60,SCOPE_MISMATCH,evidence_requests_per_case,0.000000,0,26,26
D_SCOPE_AWARE_FAIL_CLOSED,0.60,STALE_EVIDENCE,false_assurance_rate,,0,0,26
D_SCOPE_AWARE_FAIL_CLOSED,0.60,STALE_EVIDENCE,unsafe_escape_rate,0.000000,0,22,26
D_SCOPE_AWARE_FAIL_CLOSED,0.60,STALE_EVIDENCE,verified_precision,,0,0,26
D_SCOPE_AWARE_FAIL_CLOSED,0.60,STALE_EVIDENCE,verified_recall,0.000000,0,2,26
D_SCOPE_AWARE_FAIL_CLOSED,0.60,STALE_EVIDENCE,abstention_rate,0.923077,24,26,26
D_SCOPE_AWARE_FAIL_CLOSED,0.60,STALE_EVIDENCE,harm_detection_recall,0.000000,0,4,26
D_SCOPE_AWARE_FAIL_CLOSED,0.60,STALE_EVIDENCE,partial_remediation_recall,0.333333,2,6,26
D_SCOPE_AWARE_FAIL_CLOSED,0.60,STALE_EVIDENCE,accuracy,0.076923,2,26,26
D_SCOPE_AWARE_FAIL_CLOSED,0.60,STALE_EVIDENCE,evidence_requests_per_case,0.000000,0,26,26
D_SCOPE_AWARE_FAIL_CLOSED,0.60,UNDECLARED_GAP,false_assurance_rate,1.000000,2,2,26
D_SCOPE_AWARE_FAIL_CLOSED,0.60,UNDECLARED_GAP,unsafe_escape_rate,0.090909,2,22,26
D_SCOPE_AWARE_FAIL_CLOSED,0.60,UNDECLARED_GAP,verified_precision,0.000000,0,2,26
D_SCOPE_AWARE_FAIL_CLOSED,0.60,UNDECLARED_GAP,verified_recall,0.000000,0,2,26
D_SCOPE_AWARE_FAIL_CLOSED,0.60,UNDECLARED_GAP,abstention_rate,0.576923,15,26,26
D_SCOPE_AWARE_FAIL_CLOSED,0.60,UNDECLARED_GAP,harm_detection_recall,0.000000,0,4,26
D_SCOPE_AWARE_FAIL_CLOSED,0.60,UNDECLARED_GAP,partial_remediation_recall,0.666667,4,6,26
D_SCOPE_AWARE_FAIL_CLOSED,0.60,UNDECLARED_GAP,accuracy,0.230769,6,26,26
D_SCOPE_AWARE_FAIL_CLOSED,0.60,UNDECLARED_GAP,evidence_requests_per_case,0.000000,0,26,26
D_SCOPE_AWARE_FAIL_CLOSED,0.40,CONTRADICTORY_EVIDENCE,false_assurance_rate,,0,0,26
D_SCOPE_AWARE_FAIL_CLOSED,0.40,CONTRADICTORY_EVIDENCE,unsafe_escape_rate,0.000000,0,22,26
D_SCOPE_AWARE_FAIL_CLOSED,0.40,CONTRADICTORY_EVIDENCE,verified_precision,,0,0,26
D_SCOPE_AWARE_FAIL_CLOSED,0.40,CONTRADICTORY_EVIDENCE,verified_recall,0.000000,0,2,26
D_SCOPE_AWARE_FAIL_CLOSED,0.40,CONTRADICTORY_EVIDENCE,abstention_rate,0.923077,24,26,26
D_SCOPE_AWARE_FAIL_CLOSED,0.40,CONTRADICTORY_EVIDENCE,harm_detection_recall,0.000000,0,4,26
D_SCOPE_AWARE_FAIL_CLOSED,0.40,CONTRADICTORY_EVIDENCE,partial_remediation_recall,0.333333,2,6,26
D_SCOPE_AWARE_FAIL_CLOSED,0.40,CONTRADICTORY_EVIDENCE,accuracy,0.076923,2,26,26
D_SCOPE_AWARE_FAIL_CLOSED,0.40,CONTRADICTORY_EVIDENCE,evidence_requests_per_case,0.000000,0,26,26
D_SCOPE_AWARE_FAIL_CLOSED,0.40,DECISIVE_FIELD_MISSING,false_assurance_rate,,0,0,26
D_SCOPE_AWARE_FAIL_CLOSED,0.40,DECISIVE_FIELD_MISSING,unsafe_escape_rate,0.000000,0,22,26
D_SCOPE_AWARE_FAIL_CLOSED,0.40,DECISIVE_FIELD_MISSING,verified_precision,,0,0,26
D_SCOPE_AWARE_FAIL_CLOSED,0.40,DECISIVE_FIELD_MISSING,verified_recall,0.000000,0,2,26
D_SCOPE_AWARE_FAIL_CLOSED,0.40,DECISIVE_FIELD_MISSING,abstention_rate,1.000000,26,26,26
D_SCOPE_AWARE_FAIL_CLOSED,0.40,DECISIVE_FIELD_MISSING,harm_detection_recall,0.000000,0,4,26
D_SCOPE_AWARE_FAIL_CLOSED,0.40,DECISIVE_FIELD_MISSING,partial_remediation_recall,0.000000,0,6,26
D_SCOPE_AWARE_FAIL_CLOSED,0.40,DECISIVE_FIELD_MISSING,accuracy,0.000000,0,26,26
D_SCOPE_AWARE_FAIL_CLOSED,0.40,DECISIVE_FIELD_MISSING,evidence_requests_per_case,0.000000,0,26,26
D_SCOPE_AWARE_FAIL_CLOSED,0.40,RANDOM_MISSING,false_assurance_rate,,0,0,26
D_SCOPE_AWARE_FAIL_CLOSED,0.40,RANDOM_MISSING,unsafe_escape_rate,0.000000,0,22,26
D_SCOPE_AWARE_FAIL_CLOSED,0.40,RANDOM_MISSING,verified_precision,,0,0,26
D_SCOPE_AWARE_FAIL_CLOSED,0.40,RANDOM_MISSING,verified_recall,0.000000,0,2,26
D_SCOPE_AWARE_FAIL_CLOSED,0.40,RANDOM_MISSING,abstention_rate,0.846154,22,26,26
D_SCOPE_AWARE_FAIL_CLOSED,0.40,RANDOM_MISSING,harm_detection_recall,0.000000,0,4,26
D_SCOPE_AWARE_FAIL_CLOSED,0.40,RANDOM_MISSING,partial_remediation_recall,0.000000,0,6,26
D_SCOPE_AWARE_FAIL_CLOSED,0.40,RANDOM_MISSING,accuracy,0.153846,4,26,26
D_SCOPE_AWARE_FAIL_CLOSED,0.40,RANDOM_MISSING,evidence_requests_per_case,0.000000,0,26,26
D_SCOPE_AWARE_FAIL_CLOSED,0.40,REGRESSION_EVIDENCE_MISSING,false_assurance_rate,,0,0,26
D_SCOPE_AWARE_FAIL_CLOSED,0.40,REGRESSION_EVIDENCE_MISSING,unsafe_escape_rate,0.000000,0,22,26
D_SCOPE_AWARE_FAIL_CLOSED,0.40,REGRESSION_EVIDENCE_MISSING,verified_precision,,0,0,26
D_SCOPE_AWARE_FAIL_CLOSED,0.40,REGRESSION_EVIDENCE_MISSING,verified_recall,0.000000,0,2,26
D_SCOPE_AWARE_FAIL_CLOSED,0.40,REGRESSION_EVIDENCE_MISSING,abstention_rate,0.423077,11,26,26
D_SCOPE_AWARE_FAIL_CLOSED,0.40,REGRESSION_EVIDENCE_MISSING,harm_detection_recall,0.000000,0,4,26
D_SCOPE_AWARE_FAIL_CLOSED,0.40,REGRESSION_EVIDENCE_MISSING,partial_remediation_recall,0.833333,5,6,26
D_SCOPE_AWARE_FAIL_CLOSED,0.40,REGRESSION_EVIDENCE_MISSING,accuracy,0.576923,15,26,26
D_SCOPE_AWARE_FAIL_CLOSED,0.40,REGRESSION_EVIDENCE_MISSING,evidence_requests_per_case,0.000000,0,26,26
D_SCOPE_AWARE_FAIL_CLOSED,0.40,SCOPE_MISMATCH,false_assurance_rate,,0,0,26
D_SCOPE_AWARE_FAIL_CLOSED,0.40,SCOPE_MISMATCH,unsafe_escape_rate,0.000000,0,22,26
D_SCOPE_AWARE_FAIL_CLOSED,0.40,SCOPE_MISMATCH,verified_precision,,0,0,26
D_SCOPE_AWARE_FAIL_CLOSED,0.40,SCOPE_MISMATCH,verified_recall,0.000000,0,2,26
D_SCOPE_AWARE_FAIL_CLOSED,0.40,SCOPE_MISMATCH,abstention_rate,1.000000,26,26,26
D_SCOPE_AWARE_FAIL_CLOSED,0.40,SCOPE_MISMATCH,harm_detection_recall,0.000000,0,4,26
D_SCOPE_AWARE_FAIL_CLOSED,0.40,SCOPE_MISMATCH,partial_remediation_recall,0.000000,0,6,26
D_SCOPE_AWARE_FAIL_CLOSED,0.40,SCOPE_MISMATCH,accuracy,0.000000,0,26,26
D_SCOPE_AWARE_FAIL_CLOSED,0.40,SCOPE_MISMATCH,evidence_requests_per_case,0.000000,0,26,26
D_SCOPE_AWARE_FAIL_CLOSED,0.40,STALE_EVIDENCE,false_assurance_rate,,0,0,26
D_SCOPE_AWARE_FAIL_CLOSED,0.40,STALE_EVIDENCE,unsafe_escape_rate,0.000000,0,22,26
D_SCOPE_AWARE_FAIL_CLOSED,0.40,STALE_EVIDENCE,verified_precision,,0,0,26
D_SCOPE_AWARE_FAIL_CLOSED,0.40,STALE_EVIDENCE,verified_recall,0.000000,0,2,26
D_SCOPE_AWARE_FAIL_CLOSED,0.40,STALE_EVIDENCE,abstention_rate,1.000000,26,26,26
D_SCOPE_AWARE_FAIL_CLOSED,0.40,STALE_EVIDENCE,harm_detection_recall,0.000000,0,4,26
D_SCOPE_AWARE_FAIL_CLOSED,0.40,STALE_EVIDENCE,partial_remediation_recall,0.000000,0,6,26
D_SCOPE_AWARE_FAIL_CLOSED,0.40,STALE_EVIDENCE,accuracy,0.000000,0,26,26
D_SCOPE_AWARE_FAIL_CLOSED,0.40,STALE_EVIDENCE,evidence_requests_per_case,0.000000,0,26,26
D_SCOPE_AWARE_FAIL_CLOSED,0.40,UNDECLARED_GAP,false_assurance_rate,,0,0,26
D_SCOPE_AWARE_FAIL_CLOSED,0.40,UNDECLARED_GAP,unsafe_escape_rate,0.000000,0,22,26
D_SCOPE_AWARE_FAIL_CLOSED,0.40,UNDECLARED_GAP,verified_precision,,0,0,26
D_SCOPE_AWARE_FAIL_CLOSED,0.40,UNDECLARED_GAP,verified_recall,0.000000,0,2,26
D_SCOPE_AWARE_FAIL_CLOSED,0.40,UNDECLARED_GAP,abstention_rate,0.807692,21,26,26
D_SCOPE_AWARE_FAIL_CLOSED,0.40,UNDECLARED_GAP,harm_detection_recall,0.000000,0,4,26
D_SCOPE_AWARE_FAIL_CLOSED,0.40,UNDECLARED_GAP,partial_remediation_recall,0.333333,2,6,26
D_SCOPE_AWARE_FAIL_CLOSED,0.40,UNDECLARED_GAP,accuracy,0.153846,4,26,26
D_SCOPE_AWARE_FAIL_CLOSED,0.40,UNDECLARED_GAP,evidence_requests_per_case,0.000000,0,26,26
E_ACTIVE_EVIDENCE,1.00,NONE,false_assurance_rate,0.000000,0,2,26
E_ACTIVE_EVIDENCE,1.00,NONE,unsafe_escape_rate,0.000000,0,22,26
E_ACTIVE_EVIDENCE,1.00,NONE,verified_precision,1.000000,2,2,26
E_ACTIVE_EVIDENCE,1.00,NONE,verified_recall,1.000000,2,2,26
E_ACTIVE_EVIDENCE,1.00,NONE,abstention_rate,0.000000,0,26,26
E_ACTIVE_EVIDENCE,1.00,NONE,harm_detection_recall,1.000000,4,4,26
E_ACTIVE_EVIDENCE,1.00,NONE,partial_remediation_recall,1.000000,6,6,26
E_ACTIVE_EVIDENCE,1.00,NONE,accuracy,1.000000,26,26,26
E_ACTIVE_EVIDENCE,1.00,NONE,evidence_requests_per_case,0.000000,0,26,26
E_ACTIVE_EVIDENCE,0.90,CONTRADICTORY_EVIDENCE,false_assurance_rate,0.000000,0,2,26
E_ACTIVE_EVIDENCE,0.90,CONTRADICTORY_EVIDENCE,unsafe_escape_rate,0.000000,0,22,26
E_ACTIVE_EVIDENCE,0.90,CONTRADICTORY_EVIDENCE,verified_precision,1.000000,2,2,26
E_ACTIVE_EVIDENCE,0.90,CONTRADICTORY_EVIDENCE,verified_recall,1.000000,2,2,26
E_ACTIVE_EVIDENCE,0.90,CONTRADICTORY_EVIDENCE,abstention_rate,0.384615,10,26,26
E_ACTIVE_EVIDENCE,0.90,CONTRADICTORY_EVIDENCE,harm_detection_recall,1.000000,4,4,26
E_ACTIVE_EVIDENCE,0.90,CONTRADICTORY_EVIDENCE,partial_remediation_recall,0.500000,3,6,26
E_ACTIVE_EVIDENCE,0.90,CONTRADICTORY_EVIDENCE,accuracy,0.615385,16,26,26
E_ACTIVE_EVIDENCE,0.90,CONTRADICTORY_EVIDENCE,evidence_requests_per_case,0.807692,21,26,26
E_ACTIVE_EVIDENCE,0.90,DECISIVE_FIELD_MISSING,false_assurance_rate,0.000000,0,2,26
E_ACTIVE_EVIDENCE,0.90,DECISIVE_FIELD_MISSING,unsafe_escape_rate,0.000000,0,22,26
E_ACTIVE_EVIDENCE,0.90,DECISIVE_FIELD_MISSING,verified_precision,1.000000,2,2,26
E_ACTIVE_EVIDENCE,0.90,DECISIVE_FIELD_MISSING,verified_recall,1.000000,2,2,26
E_ACTIVE_EVIDENCE,0.90,DECISIVE_FIELD_MISSING,abstention_rate,0.307692,8,26,26
E_ACTIVE_EVIDENCE,0.90,DECISIVE_FIELD_MISSING,harm_detection_recall,0.250000,1,4,26
E_ACTIVE_EVIDENCE,0.90,DECISIVE_FIELD_MISSING,partial_remediation_recall,0.500000,3,6,26
E_ACTIVE_EVIDENCE,0.90,DECISIVE_FIELD_MISSING,accuracy,0.692308,18,26,26
E_ACTIVE_EVIDENCE,0.90,DECISIVE_FIELD_MISSING,evidence_requests_per_case,1.076923,28,26,26
E_ACTIVE_EVIDENCE,0.90,RANDOM_MISSING,false_assurance_rate,0.000000,0,1,26
E_ACTIVE_EVIDENCE,0.90,RANDOM_MISSING,unsafe_escape_rate,0.000000,0,22,26
E_ACTIVE_EVIDENCE,0.90,RANDOM_MISSING,verified_precision,1.000000,1,1,26
E_ACTIVE_EVIDENCE,0.90,RANDOM_MISSING,verified_recall,0.500000,1,2,26
E_ACTIVE_EVIDENCE,0.90,RANDOM_MISSING,abstention_rate,0.076923,2,26,26
E_ACTIVE_EVIDENCE,0.90,RANDOM_MISSING,harm_detection_recall,0.750000,3,4,26
E_ACTIVE_EVIDENCE,0.90,RANDOM_MISSING,partial_remediation_recall,1.000000,6,6,26
E_ACTIVE_EVIDENCE,0.90,RANDOM_MISSING,accuracy,0.923077,24,26,26
E_ACTIVE_EVIDENCE,0.90,RANDOM_MISSING,evidence_requests_per_case,0.076923,2,26,26
E_ACTIVE_EVIDENCE,0.90,REGRESSION_EVIDENCE_MISSING,false_assurance_rate,,0,0,26
E_ACTIVE_EVIDENCE,0.90,REGRESSION_EVIDENCE_MISSING,unsafe_escape_rate,0.000000,0,22,26
E_ACTIVE_EVIDENCE,0.90,REGRESSION_EVIDENCE_MISSING,verified_precision,,0,0,26
E_ACTIVE_EVIDENCE,0.90,REGRESSION_EVIDENCE_MISSING,verified_recall,0.000000,0,2,26
E_ACTIVE_EVIDENCE,0.90,REGRESSION_EVIDENCE_MISSING,abstention_rate,0.192308,5,26,26
E_ACTIVE_EVIDENCE,0.90,REGRESSION_EVIDENCE_MISSING,harm_detection_recall,0.250000,1,4,26
E_ACTIVE_EVIDENCE,0.90,REGRESSION_EVIDENCE_MISSING,partial_remediation_recall,1.000000,6,6,26
E_ACTIVE_EVIDENCE,0.90,REGRESSION_EVIDENCE_MISSING,accuracy,0.807692,21,26,26
E_ACTIVE_EVIDENCE,0.90,REGRESSION_EVIDENCE_MISSING,evidence_requests_per_case,0.461538,12,26,26
E_ACTIVE_EVIDENCE,0.90,SCOPE_MISMATCH,false_assurance_rate,0.000000,0,1,26
E_ACTIVE_EVIDENCE,0.90,SCOPE_MISMATCH,unsafe_escape_rate,0.000000,0,22,26
E_ACTIVE_EVIDENCE,0.90,SCOPE_MISMATCH,verified_precision,1.000000,1,1,26
E_ACTIVE_EVIDENCE,0.90,SCOPE_MISMATCH,verified_recall,0.500000,1,2,26
E_ACTIVE_EVIDENCE,0.90,SCOPE_MISMATCH,abstention_rate,0.307692,8,26,26
E_ACTIVE_EVIDENCE,0.90,SCOPE_MISMATCH,harm_detection_recall,0.750000,3,4,26
E_ACTIVE_EVIDENCE,0.90,SCOPE_MISMATCH,partial_remediation_recall,0.500000,3,6,26
E_ACTIVE_EVIDENCE,0.90,SCOPE_MISMATCH,accuracy,0.692308,18,26,26
E_ACTIVE_EVIDENCE,0.90,SCOPE_MISMATCH,evidence_requests_per_case,1.115385,29,26,26
E_ACTIVE_EVIDENCE,0.90,STALE_EVIDENCE,false_assurance_rate,0.000000,0,2,26
E_ACTIVE_EVIDENCE,0.90,STALE_EVIDENCE,unsafe_escape_rate,0.000000,0,22,26
E_ACTIVE_EVIDENCE,0.90,STALE_EVIDENCE,verified_precision,1.000000,2,2,26
E_ACTIVE_EVIDENCE,0.90,STALE_EVIDENCE,verified_recall,1.000000,2,2,26
E_ACTIVE_EVIDENCE,0.90,STALE_EVIDENCE,abstention_rate,0.000000,0,26,26
E_ACTIVE_EVIDENCE,0.90,STALE_EVIDENCE,harm_detection_recall,1.000000,4,4,26
E_ACTIVE_EVIDENCE,0.90,STALE_EVIDENCE,partial_remediation_recall,1.000000,6,6,26
E_ACTIVE_EVIDENCE,0.90,STALE_EVIDENCE,accuracy,1.000000,26,26,26
E_ACTIVE_EVIDENCE,0.90,STALE_EVIDENCE,evidence_requests_per_case,1.000000,26,26,26
E_ACTIVE_EVIDENCE,0.90,UNDECLARED_GAP,false_assurance_rate,0.846154,11,13,26
E_ACTIVE_EVIDENCE,0.90,UNDECLARED_GAP,unsafe_escape_rate,0.500000,11,22,26
E_ACTIVE_EVIDENCE,0.90,UNDECLARED_GAP,verified_precision,0.153846,2,13,26
E_ACTIVE_EVIDENCE,0.90,UNDECLARED_GAP,verified_recall,1.000000,2,2,26
E_ACTIVE_EVIDENCE,0.90,UNDECLARED_GAP,abstention_rate,0.192308,5,26,26
E_ACTIVE_EVIDENCE,0.90,UNDECLARED_GAP,harm_detection_recall,0.000000,0,4,26
E_ACTIVE_EVIDENCE,0.90,UNDECLARED_GAP,partial_remediation_recall,0.666667,4,6,26
E_ACTIVE_EVIDENCE,0.90,UNDECLARED_GAP,accuracy,0.307692,8,26,26
E_ACTIVE_EVIDENCE,0.90,UNDECLARED_GAP,evidence_requests_per_case,0.192308,5,26,26
E_ACTIVE_EVIDENCE,0.80,CONTRADICTORY_EVIDENCE,false_assurance_rate,,0,0,26
E_ACTIVE_EVIDENCE,0.80,CONTRADICTORY_EVIDENCE,unsafe_escape_rate,0.000000,0,22,26
E_ACTIVE_EVIDENCE,0.80,CONTRADICTORY_EVIDENCE,verified_precision,,0,0,26
E_ACTIVE_EVIDENCE,0.80,CONTRADICTORY_EVIDENCE,verified_recall,0.000000,0,2,26
E_ACTIVE_EVIDENCE,0.80,CONTRADICTORY_EVIDENCE,abstention_rate,0.346154,9,26,26
E_ACTIVE_EVIDENCE,0.80,CONTRADICTORY_EVIDENCE,harm_detection_recall,1.000000,4,4,26
E_ACTIVE_EVIDENCE,0.80,CONTRADICTORY_EVIDENCE,partial_remediation_recall,0.666667,4,6,26
E_ACTIVE_EVIDENCE,0.80,CONTRADICTORY_EVIDENCE,accuracy,0.653846,17,26,26
E_ACTIVE_EVIDENCE,0.80,CONTRADICTORY_EVIDENCE,evidence_requests_per_case,0.807692,21,26,26
E_ACTIVE_EVIDENCE,0.80,DECISIVE_FIELD_MISSING,false_assurance_rate,0.000000,0,1,26
E_ACTIVE_EVIDENCE,0.80,DECISIVE_FIELD_MISSING,unsafe_escape_rate,0.000000,0,22,26
E_ACTIVE_EVIDENCE,0.80,DECISIVE_FIELD_MISSING,verified_precision,1.000000,1,1,26
E_ACTIVE_EVIDENCE,0.80,DECISIVE_FIELD_MISSING,verified_recall,0.500000,1,2,26
E_ACTIVE_EVIDENCE,0.80,DECISIVE_FIELD_MISSING,abstention_rate,0.346154,9,26,26
E_ACTIVE_EVIDENCE,0.80,DECISIVE_FIELD_MISSING,harm_detection_recall,0.750000,3,4,26
E_ACTIVE_EVIDENCE,0.80,DECISIVE_FIELD_MISSING,partial_remediation_recall,1.000000,6,6,26
E_ACTIVE_EVIDENCE,0.80,DECISIVE_FIELD_MISSING,accuracy,0.653846,17,26,26
E_ACTIVE_EVIDENCE,0.80,DECISIVE_FIELD_MISSING,evidence_requests_per_case,1.230769,32,26,26
E_ACTIVE_EVIDENCE,0.80,RANDOM_MISSING,false_assurance_rate,0.000000,0,1,26
E_ACTIVE_EVIDENCE,0.80,RANDOM_MISSING,unsafe_escape_rate,0.000000,0,22,26
E_ACTIVE_EVIDENCE,0.80,RANDOM_MISSING,verified_precision,1.000000,1,1,26
E_ACTIVE_EVIDENCE,0.80,RANDOM_MISSING,verified_recall,0.500000,1,2,26
E_ACTIVE_EVIDENCE,0.80,RANDOM_MISSING,abstention_rate,0.269231,7,26,26
E_ACTIVE_EVIDENCE,0.80,RANDOM_MISSING,harm_detection_recall,0.750000,3,4,26
E_ACTIVE_EVIDENCE,0.80,RANDOM_MISSING,partial_remediation_recall,1.000000,6,6,26
E_ACTIVE_EVIDENCE,0.80,RANDOM_MISSING,accuracy,0.730769,19,26,26
E_ACTIVE_EVIDENCE,0.80,RANDOM_MISSING,evidence_requests_per_case,0.500000,13,26,26
E_ACTIVE_EVIDENCE,0.80,REGRESSION_EVIDENCE_MISSING,false_assurance_rate,0.000000,0,1,26
E_ACTIVE_EVIDENCE,0.80,REGRESSION_EVIDENCE_MISSING,unsafe_escape_rate,0.000000,0,22,26
E_ACTIVE_EVIDENCE,0.80,REGRESSION_EVIDENCE_MISSING,verified_precision,1.000000,1,1,26
E_ACTIVE_EVIDENCE,0.80,REGRESSION_EVIDENCE_MISSING,verified_recall,0.500000,1,2,26
E_ACTIVE_EVIDENCE,0.80,REGRESSION_EVIDENCE_MISSING,abstention_rate,0.076923,2,26,26
E_ACTIVE_EVIDENCE,0.80,REGRESSION_EVIDENCE_MISSING,harm_detection_recall,0.750000,3,4,26
E_ACTIVE_EVIDENCE,0.80,REGRESSION_EVIDENCE_MISSING,partial_remediation_recall,1.000000,6,6,26
E_ACTIVE_EVIDENCE,0.80,REGRESSION_EVIDENCE_MISSING,accuracy,0.923077,24,26,26
E_ACTIVE_EVIDENCE,0.80,REGRESSION_EVIDENCE_MISSING,evidence_requests_per_case,0.692308,18,26,26
E_ACTIVE_EVIDENCE,0.80,SCOPE_MISMATCH,false_assurance_rate,0.000000,0,2,26
E_ACTIVE_EVIDENCE,0.80,SCOPE_MISMATCH,unsafe_escape_rate,0.000000,0,22,26
E_ACTIVE_EVIDENCE,0.80,SCOPE_MISMATCH,verified_precision,1.000000,2,2,26
E_ACTIVE_EVIDENCE,0.80,SCOPE_MISMATCH,verified_recall,1.000000,2,2,26
E_ACTIVE_EVIDENCE,0.80,SCOPE_MISMATCH,abstention_rate,0.346154,9,26,26
E_ACTIVE_EVIDENCE,0.80,SCOPE_MISMATCH,harm_detection_recall,0.750000,3,4,26
E_ACTIVE_EVIDENCE,0.80,SCOPE_MISMATCH,partial_remediation_recall,0.500000,3,6,26
E_ACTIVE_EVIDENCE,0.80,SCOPE_MISMATCH,accuracy,0.653846,17,26,26
E_ACTIVE_EVIDENCE,0.80,SCOPE_MISMATCH,evidence_requests_per_case,1.230769,32,26,26
E_ACTIVE_EVIDENCE,0.80,STALE_EVIDENCE,false_assurance_rate,0.000000,0,2,26
E_ACTIVE_EVIDENCE,0.80,STALE_EVIDENCE,unsafe_escape_rate,0.000000,0,22,26
E_ACTIVE_EVIDENCE,0.80,STALE_EVIDENCE,verified_precision,1.000000,2,2,26
E_ACTIVE_EVIDENCE,0.80,STALE_EVIDENCE,verified_recall,1.000000,2,2,26
E_ACTIVE_EVIDENCE,0.80,STALE_EVIDENCE,abstention_rate,0.192308,5,26,26
E_ACTIVE_EVIDENCE,0.80,STALE_EVIDENCE,harm_detection_recall,0.750000,3,4,26
E_ACTIVE_EVIDENCE,0.80,STALE_EVIDENCE,partial_remediation_recall,0.500000,3,6,26
E_ACTIVE_EVIDENCE,0.80,STALE_EVIDENCE,accuracy,0.807692,21,26,26
E_ACTIVE_EVIDENCE,0.80,STALE_EVIDENCE,evidence_requests_per_case,1.192308,31,26,26
E_ACTIVE_EVIDENCE,0.80,UNDECLARED_GAP,false_assurance_rate,0.857143,6,7,26
E_ACTIVE_EVIDENCE,0.80,UNDECLARED_GAP,unsafe_escape_rate,0.272727,6,22,26
E_ACTIVE_EVIDENCE,0.80,UNDECLARED_GAP,verified_precision,0.142857,1,7,26
E_ACTIVE_EVIDENCE,0.80,UNDECLARED_GAP,verified_recall,0.500000,1,2,26
E_ACTIVE_EVIDENCE,0.80,UNDECLARED_GAP,abstention_rate,0.384615,10,26,26
E_ACTIVE_EVIDENCE,0.80,UNDECLARED_GAP,harm_detection_recall,0.000000,0,4,26
E_ACTIVE_EVIDENCE,0.80,UNDECLARED_GAP,partial_remediation_recall,0.666667,4,6,26
E_ACTIVE_EVIDENCE,0.80,UNDECLARED_GAP,accuracy,0.269231,7,26,26
E_ACTIVE_EVIDENCE,0.80,UNDECLARED_GAP,evidence_requests_per_case,0.538462,14,26,26
E_ACTIVE_EVIDENCE,0.60,CONTRADICTORY_EVIDENCE,false_assurance_rate,0.000000,0,1,26
E_ACTIVE_EVIDENCE,0.60,CONTRADICTORY_EVIDENCE,unsafe_escape_rate,0.000000,0,22,26
E_ACTIVE_EVIDENCE,0.60,CONTRADICTORY_EVIDENCE,verified_precision,1.000000,1,1,26
E_ACTIVE_EVIDENCE,0.60,CONTRADICTORY_EVIDENCE,verified_recall,0.500000,1,2,26
E_ACTIVE_EVIDENCE,0.60,CONTRADICTORY_EVIDENCE,abstention_rate,0.730769,19,26,26
E_ACTIVE_EVIDENCE,0.60,CONTRADICTORY_EVIDENCE,harm_detection_recall,0.750000,3,4,26
E_ACTIVE_EVIDENCE,0.60,CONTRADICTORY_EVIDENCE,partial_remediation_recall,0.333333,2,6,26
E_ACTIVE_EVIDENCE,0.60,CONTRADICTORY_EVIDENCE,accuracy,0.269231,7,26,26
E_ACTIVE_EVIDENCE,0.60,CONTRADICTORY_EVIDENCE,evidence_requests_per_case,1.115385,29,26,26
E_ACTIVE_EVIDENCE,0.60,DECISIVE_FIELD_MISSING,false_assurance_rate,0.000000,0,1,26
E_ACTIVE_EVIDENCE,0.60,DECISIVE_FIELD_MISSING,unsafe_escape_rate,0.000000,0,22,26
E_ACTIVE_EVIDENCE,0.60,DECISIVE_FIELD_MISSING,verified_precision,1.000000,1,1,26
E_ACTIVE_EVIDENCE,0.60,DECISIVE_FIELD_MISSING,verified_recall,0.500000,1,2,26
E_ACTIVE_EVIDENCE,0.60,DECISIVE_FIELD_MISSING,abstention_rate,0.423077,11,26,26
E_ACTIVE_EVIDENCE,0.60,DECISIVE_FIELD_MISSING,harm_detection_recall,0.250000,1,4,26
E_ACTIVE_EVIDENCE,0.60,DECISIVE_FIELD_MISSING,partial_remediation_recall,0.833333,5,6,26
E_ACTIVE_EVIDENCE,0.60,DECISIVE_FIELD_MISSING,accuracy,0.576923,15,26,26
E_ACTIVE_EVIDENCE,0.60,DECISIVE_FIELD_MISSING,evidence_requests_per_case,1.653846,43,26,26
E_ACTIVE_EVIDENCE,0.60,RANDOM_MISSING,false_assurance_rate,,0,0,26
E_ACTIVE_EVIDENCE,0.60,RANDOM_MISSING,unsafe_escape_rate,0.000000,0,22,26
E_ACTIVE_EVIDENCE,0.60,RANDOM_MISSING,verified_precision,,0,0,26
E_ACTIVE_EVIDENCE,0.60,RANDOM_MISSING,verified_recall,0.000000,0,2,26
E_ACTIVE_EVIDENCE,0.60,RANDOM_MISSING,abstention_rate,0.500000,13,26,26
E_ACTIVE_EVIDENCE,0.60,RANDOM_MISSING,harm_detection_recall,0.000000,0,4,26
E_ACTIVE_EVIDENCE,0.60,RANDOM_MISSING,partial_remediation_recall,0.833333,5,6,26
E_ACTIVE_EVIDENCE,0.60,RANDOM_MISSING,accuracy,0.500000,13,26,26
E_ACTIVE_EVIDENCE,0.60,RANDOM_MISSING,evidence_requests_per_case,1.000000,26,26,26
E_ACTIVE_EVIDENCE,0.60,REGRESSION_EVIDENCE_MISSING,false_assurance_rate,,0,0,26
E_ACTIVE_EVIDENCE,0.60,REGRESSION_EVIDENCE_MISSING,unsafe_escape_rate,0.000000,0,22,26
E_ACTIVE_EVIDENCE,0.60,REGRESSION_EVIDENCE_MISSING,verified_precision,,0,0,26
E_ACTIVE_EVIDENCE,0.60,REGRESSION_EVIDENCE_MISSING,verified_recall,0.000000,0,2,26
E_ACTIVE_EVIDENCE,0.60,REGRESSION_EVIDENCE_MISSING,abstention_rate,0.346154,9,26,26
E_ACTIVE_EVIDENCE,0.60,REGRESSION_EVIDENCE_MISSING,harm_detection_recall,0.250000,1,4,26
E_ACTIVE_EVIDENCE,0.60,REGRESSION_EVIDENCE_MISSING,partial_remediation_recall,1.000000,6,6,26
E_ACTIVE_EVIDENCE,0.60,REGRESSION_EVIDENCE_MISSING,accuracy,0.653846,17,26,26
E_ACTIVE_EVIDENCE,0.60,REGRESSION_EVIDENCE_MISSING,evidence_requests_per_case,1.230769,32,26,26
E_ACTIVE_EVIDENCE,0.60,SCOPE_MISMATCH,false_assurance_rate,0.000000,0,1,26
E_ACTIVE_EVIDENCE,0.60,SCOPE_MISMATCH,unsafe_escape_rate,0.000000,0,22,26
E_ACTIVE_EVIDENCE,0.60,SCOPE_MISMATCH,verified_precision,1.000000,1,1,26
E_ACTIVE_EVIDENCE,0.60,SCOPE_MISMATCH,verified_recall,0.500000,1,2,26
E_ACTIVE_EVIDENCE,0.60,SCOPE_MISMATCH,abstention_rate,0.423077,11,26,26
E_ACTIVE_EVIDENCE,0.60,SCOPE_MISMATCH,harm_detection_recall,0.000000,0,4,26
E_ACTIVE_EVIDENCE,0.60,SCOPE_MISMATCH,partial_remediation_recall,0.666667,4,6,26
E_ACTIVE_EVIDENCE,0.60,SCOPE_MISMATCH,accuracy,0.576923,15,26,26
E_ACTIVE_EVIDENCE,0.60,SCOPE_MISMATCH,evidence_requests_per_case,1.730769,45,26,26
E_ACTIVE_EVIDENCE,0.60,STALE_EVIDENCE,false_assurance_rate,0.000000,0,1,26
E_ACTIVE_EVIDENCE,0.60,STALE_EVIDENCE,unsafe_escape_rate,0.000000,0,22,26
E_ACTIVE_EVIDENCE,0.60,STALE_EVIDENCE,verified_precision,1.000000,1,1,26
E_ACTIVE_EVIDENCE,0.60,STALE_EVIDENCE,verified_recall,0.500000,1,2,26
E_ACTIVE_EVIDENCE,0.60,STALE_EVIDENCE,abstention_rate,0.230769,6,26,26
E_ACTIVE_EVIDENCE,0.60,STALE_EVIDENCE,harm_detection_recall,0.500000,2,4,26
E_ACTIVE_EVIDENCE,0.60,STALE_EVIDENCE,partial_remediation_recall,0.833333,5,6,26
E_ACTIVE_EVIDENCE,0.60,STALE_EVIDENCE,accuracy,0.769231,20,26,26
E_ACTIVE_EVIDENCE,0.60,STALE_EVIDENCE,evidence_requests_per_case,1.230769,32,26,26
E_ACTIVE_EVIDENCE,0.60,UNDECLARED_GAP,false_assurance_rate,1.000000,2,2,26
E_ACTIVE_EVIDENCE,0.60,UNDECLARED_GAP,unsafe_escape_rate,0.090909,2,22,26
E_ACTIVE_EVIDENCE,0.60,UNDECLARED_GAP,verified_precision,0.000000,0,2,26
E_ACTIVE_EVIDENCE,0.60,UNDECLARED_GAP,verified_recall,0.000000,0,2,26
E_ACTIVE_EVIDENCE,0.60,UNDECLARED_GAP,abstention_rate,0.576923,15,26,26
E_ACTIVE_EVIDENCE,0.60,UNDECLARED_GAP,harm_detection_recall,0.000000,0,4,26
E_ACTIVE_EVIDENCE,0.60,UNDECLARED_GAP,partial_remediation_recall,0.666667,4,6,26
E_ACTIVE_EVIDENCE,0.60,UNDECLARED_GAP,accuracy,0.230769,6,26,26
E_ACTIVE_EVIDENCE,0.60,UNDECLARED_GAP,evidence_requests_per_case,0.961538,25,26,26
E_ACTIVE_EVIDENCE,0.40,CONTRADICTORY_EVIDENCE,false_assurance_rate,,0,0,26
E_ACTIVE_EVIDENCE,0.40,CONTRADICTORY_EVIDENCE,unsafe_escape_rate,0.000000,0,22,26
E_ACTIVE_EVIDENCE,0.40,CONTRADICTORY_EVIDENCE,verified_precision,,0,0,26
E_ACTIVE_EVIDENCE,0.40,CONTRADICTORY_EVIDENCE,verified_recall,0.000000,0,2,26
E_ACTIVE_EVIDENCE,0.40,CONTRADICTORY_EVIDENCE,abstention_rate,0.576923,15,26,26
E_ACTIVE_EVIDENCE,0.40,CONTRADICTORY_EVIDENCE,harm_detection_recall,0.250000,1,4,26
E_ACTIVE_EVIDENCE,0.40,CONTRADICTORY_EVIDENCE,partial_remediation_recall,0.666667,4,6,26
E_ACTIVE_EVIDENCE,0.40,CONTRADICTORY_EVIDENCE,accuracy,0.423077,11,26,26
E_ACTIVE_EVIDENCE,0.40,CONTRADICTORY_EVIDENCE,evidence_requests_per_case,0.961538,25,26,26
E_ACTIVE_EVIDENCE,0.40,DECISIVE_FIELD_MISSING,false_assurance_rate,,0,0,26
E_ACTIVE_EVIDENCE,0.40,DECISIVE_FIELD_MISSING,unsafe_escape_rate,0.000000,0,22,26
E_ACTIVE_EVIDENCE,0.40,DECISIVE_FIELD_MISSING,verified_precision,,0,0,26
E_ACTIVE_EVIDENCE,0.40,DECISIVE_FIELD_MISSING,verified_recall,0.000000,0,2,26
E_ACTIVE_EVIDENCE,0.40,DECISIVE_FIELD_MISSING,abstention_rate,0.500000,13,26,26
E_ACTIVE_EVIDENCE,0.40,DECISIVE_FIELD_MISSING,harm_detection_recall,0.250000,1,4,26
E_ACTIVE_EVIDENCE,0.40,DECISIVE_FIELD_MISSING,partial_remediation_recall,0.500000,3,6,26
E_ACTIVE_EVIDENCE,0.40,DECISIVE_FIELD_MISSING,accuracy,0.500000,13,26,26
E_ACTIVE_EVIDENCE,0.40,DECISIVE_FIELD_MISSING,evidence_requests_per_case,2.000000,52,26,26
E_ACTIVE_EVIDENCE,0.40,RANDOM_MISSING,false_assurance_rate,,0,0,26
E_ACTIVE_EVIDENCE,0.40,RANDOM_MISSING,unsafe_escape_rate,0.000000,0,22,26
E_ACTIVE_EVIDENCE,0.40,RANDOM_MISSING,verified_precision,,0,0,26
E_ACTIVE_EVIDENCE,0.40,RANDOM_MISSING,verified_recall,0.000000,0,2,26
E_ACTIVE_EVIDENCE,0.40,RANDOM_MISSING,abstention_rate,0.653846,17,26,26
E_ACTIVE_EVIDENCE,0.40,RANDOM_MISSING,harm_detection_recall,0.250000,1,4,26
E_ACTIVE_EVIDENCE,0.40,RANDOM_MISSING,partial_remediation_recall,0.166667,1,6,26
E_ACTIVE_EVIDENCE,0.40,RANDOM_MISSING,accuracy,0.346154,9,26,26
E_ACTIVE_EVIDENCE,0.40,RANDOM_MISSING,evidence_requests_per_case,2.000000,52,26,26
E_ACTIVE_EVIDENCE,0.40,REGRESSION_EVIDENCE_MISSING,false_assurance_rate,,0,0,26
E_ACTIVE_EVIDENCE,0.40,REGRESSION_EVIDENCE_MISSING,unsafe_escape_rate,0.000000,0,22,26
E_ACTIVE_EVIDENCE,0.40,REGRESSION_EVIDENCE_MISSING,verified_precision,,0,0,26
E_ACTIVE_EVIDENCE,0.40,REGRESSION_EVIDENCE_MISSING,verified_recall,0.000000,0,2,26
E_ACTIVE_EVIDENCE,0.40,REGRESSION_EVIDENCE_MISSING,abstention_rate,0.384615,10,26,26
E_ACTIVE_EVIDENCE,0.40,REGRESSION_EVIDENCE_MISSING,harm_detection_recall,0.000000,0,4,26
E_ACTIVE_EVIDENCE,0.40,REGRESSION_EVIDENCE_MISSING,partial_remediation_recall,0.833333,5,6,26
E_ACTIVE_EVIDENCE,0.40,REGRESSION_EVIDENCE_MISSING,accuracy,0.615385,16,26,26
E_ACTIVE_EVIDENCE,0.40,REGRESSION_EVIDENCE_MISSING,evidence_requests_per_case,1.192308,31,26,26
E_ACTIVE_EVIDENCE,0.40,SCOPE_MISMATCH,false_assurance_rate,,0,0,26
E_ACTIVE_EVIDENCE,0.40,SCOPE_MISMATCH,unsafe_escape_rate,0.000000,0,22,26
E_ACTIVE_EVIDENCE,0.40,SCOPE_MISMATCH,verified_precision,,0,0,26
E_ACTIVE_EVIDENCE,0.40,SCOPE_MISMATCH,verified_recall,0.000000,0,2,26
E_ACTIVE_EVIDENCE,0.40,SCOPE_MISMATCH,abstention_rate,0.576923,15,26,26
E_ACTIVE_EVIDENCE,0.40,SCOPE_MISMATCH,harm_detection_recall,0.250000,1,4,26
E_ACTIVE_EVIDENCE,0.40,SCOPE_MISMATCH,partial_remediation_recall,0.666667,4,6,26
E_ACTIVE_EVIDENCE,0.40,SCOPE_MISMATCH,accuracy,0.423077,11,26,26
E_ACTIVE_EVIDENCE,0.40,SCOPE_MISMATCH,evidence_requests_per_case,2.153846,56,26,26
E_ACTIVE_EVIDENCE,0.40,STALE_EVIDENCE,false_assurance_rate,0.000000,0,2,26
E_ACTIVE_EVIDENCE,0.40,STALE_EVIDENCE,unsafe_escape_rate,0.000000,0,22,26
E_ACTIVE_EVIDENCE,0.40,STALE_EVIDENCE,verified_precision,1.000000,2,2,26
E_ACTIVE_EVIDENCE,0.40,STALE_EVIDENCE,verified_recall,1.000000,2,2,26
E_ACTIVE_EVIDENCE,0.40,STALE_EVIDENCE,abstention_rate,0.153846,4,26,26
E_ACTIVE_EVIDENCE,0.40,STALE_EVIDENCE,harm_detection_recall,0.750000,3,4,26
E_ACTIVE_EVIDENCE,0.40,STALE_EVIDENCE,partial_remediation_recall,0.833333,5,6,26
E_ACTIVE_EVIDENCE,0.40,STALE_EVIDENCE,accuracy,0.846154,22,26,26
E_ACTIVE_EVIDENCE,0.40,STALE_EVIDENCE,evidence_requests_per_case,1.615385,42,26,26
E_ACTIVE_EVIDENCE,0.40,UNDECLARED_GAP,false_assurance_rate,,0,0,26
E_ACTIVE_EVIDENCE,0.40,UNDECLARED_GAP,unsafe_escape_rate,0.000000,0,22,26
E_ACTIVE_EVIDENCE,0.40,UNDECLARED_GAP,verified_precision,,0,0,26
E_ACTIVE_EVIDENCE,0.40,UNDECLARED_GAP,verified_recall,0.000000,0,2,26
E_ACTIVE_EVIDENCE,0.40,UNDECLARED_GAP,abstention_rate,0.807692,21,26,26
E_ACTIVE_EVIDENCE,0.40,UNDECLARED_GAP,harm_detection_recall,0.000000,0,4,26
E_ACTIVE_EVIDENCE,0.40,UNDECLARED_GAP,partial_remediation_recall,0.333333,2,6,26
E_ACTIVE_EVIDENCE,0.40,UNDECLARED_GAP,accuracy,0.153846,4,26,26
E_ACTIVE_EVIDENCE,0.40,UNDECLARED_GAP,evidence_requests_per_case,1.923077,50,26,26
